<p><a href="http://bestlightingfixturesusa.com/tjernlund-power-series-in-line-fan-4in-diameter-200-cfm-model-p-4/">http://bestlightingfixturesusa.com/tjernlund-power-series-in-line-fan-4in-diameter-200-cfm-model-p-4/</a></p><blockquote><p><strong>Tjernlund Power Series In-Line Fan - 4in. Diameter, 200 CFM, Model# P-4</strong></p><p><img src="http://ecx.images-amazon.com/images/I/41luAEXVIHL.jpg"/></p><div class="c9"><a href="http://www.amazon.com/Tjernlund-Power-Series-In-Line-Fan/dp/B003IOOIXU?SubscriptionId=AKIAJPL4ZVHGGVHY7SLA&amp;tag=bestlightingfixtures-20&amp;linkCode=xm2&amp;camp=2025&amp;creative=165953&amp;creativeASIN=B003IOOIXU" rel="nofollow" target="_blank"><img src="http://ecx.images-amazon.com/images/I/41luAEXVIHL.jpg" alt="Tjernlund Power Series In-Line Fan - 4in. Diameter, 200 CFM, Model# P-4 Light Fixtures" title="Tjernlund Power Series In-Line Fan - 4in. Diameter, 200 CFM, Model# P-4"/></a></div>
<div class="c9"><i>Save <span class="c6">$  137.46</span> &#160;! Buy a <b>Tjernlund Power Series In-Line Fan – 4in. Diameter, 200 CFM, Model# P-4</b> now and save  off the regular price at <strong>Best Lighting Fixtures</strong> store. The information of <a href="http://www.amazon.com/Tjernlund-Power-Series-In-Line-Fan/dp/B003IOOIXU?SubscriptionId=AKIAJPL4ZVHGGVHY7SLA&amp;tag=bestlightingfixtures-20&amp;linkCode=xm2&amp;camp=2025&amp;creative=165953&amp;creativeASIN=B003IOOIXU" rel="nofollow" target="_blank"><strong>Light Fixtures</strong></a> great deals are updated daily.</i></div>
<p>If you have been looking for top recommended <strong>Outdoor Lighting, Ceiling Lights</strong> or <strong>Kitchen Lighting</strong>, this <b>Tjernlund Power Series In-Line Fan – 4in. Diameter, 200 CFM, Model# P-4</b> is the best cheapest price on the web we have searched. Many good reviews already proving the quality of this product. The <b>Tjernlund Power Series In-Line Fan – 4in. Diameter, 200 CFM, Model# P-4</b> is equipped with a large number of features that makes it great product. The most sold product is not expensive and it is highly desirable, and if you want this <b>Tjernlund Power Series In-Line Fan – 4in. Diameter, 200 CFM, Model# P-4</b>, you should not miss this opportunity because this product is the price length applications.</p>
<h3>Where To Buy Best Lighting Fixtures</h3>
<div class="divTable">
<div class="headRow">
<div class="c9">
<h4>Tjernlund Power Series In-Line Fan – 4in. Diameter, 200 CFM, Model# P-4 Light Fixtures</h4>
</div></div>
<div class="divRow">
<div class="divCell"><a href="http://www.amazon.com/Tjernlund-Power-Series-In-Line-Fan/dp/B003IOOIXU?SubscriptionId=AKIAJPL4ZVHGGVHY7SLA&amp;tag=bestlightingfixtures-20&amp;linkCode=xm2&amp;camp=2025&amp;creative=165953&amp;creativeASIN=B003IOOIXU" rel="nofollow" target="_blank"><img style="float:left;margin: 0 20px 10px 0;" src="http://ecx.images-amazon.com/images/I/41luAEXVIHL._SL160_.jpg" alt="Tjernlund Power Series In-Line Fan - 4in. Diameter, 200 CFM, Model# P-4" title="Tjernlund Power Series In-Line Fan - 4in. Diameter, 200 CFM, Model# P-4"/></a> Customer rating: <img src="http://bestlightingfixturesusa.com/4-5.png" title="Rating" alt="Rating"/><br/>List Price: $  249.00<br/>Price: $  111.54<br/>Availability: In stock<br/>Sold and ships: <a href="http://www.amazon.com/Tjernlund-Power-Series-In-Line-Fan/dp/B003IOOIXU?SubscriptionId=AKIAJPL4ZVHGGVHY7SLA&amp;tag=bestlightingfixtures-20&amp;linkCode=xm2&amp;camp=2025&amp;creative=165953&amp;creativeASIN=B003IOOIXU" rel="nofollow" target="_blank">Details&#160;»</a>
<div class="c9">
<h3>Special Offer Today! Price: <span class="c6">$  111.54</span></h3>
</div>
<div class="c10"><a href="http://www.amazon.com/Tjernlund-Power-Series-In-Line-Fan/dp/B003IOOIXU?SubscriptionId=AKIAJPL4ZVHGGVHY7SLA&amp;tag=bestlightingfixtures-20&amp;linkCode=xm2&amp;camp=2025&amp;creative=165953&amp;creativeASIN=B003IOOIXU" rel="nofollow" target="_blank"><img src="http://bestlightingfixturesusa.com/buyamazon.png" title="Buy at Amazon" alt="Buy at Amazon"/></a></div>
</div>
</div>
</div>
<h3>Price Comparison Shopping Best Lighting Fixtures Consumer Reports</h3>
<p>We have found most affordable price of <b>Tjernlund Power Series In-Line Fan – 4in. Diameter, 200 CFM, Model# P-4</b> from Amazon.com. It offers Fast and Free Shipping. <strong>Light Fixtures</strong> will be limited stock of certain product and discount only for limited time, so do order now to get the best deals. Before you buy, check stock availability and compare price off Tjernlund Power Series In-Line Fan – 4in. Diameter, 200 CFM, Model# P-4 on Featured Stores below.</p>
<div class="divTable">
<div class="divRow">
<div class="c1">
<h4>Top Brands</h4>
</div>
<div class="c3">
<h4>Store Availability</h4>
</div>
<div class="c4">
<h4>Total Price</h4>
</div></div>
<div class="divRow">
<div class="c1"><img src="http://bestlightingfixturesusa.com/amazon.png" title="Buy at Amazon" alt="Buy at Amazon"/><br/><img src="http://bestlightingfixturesusa.com/4-5.png" title="Rating" alt="Rating"/> (See total reviews )</div>
<div class="c3">IN STOCK<br/><a href="http://www.amazon.com/Tjernlund-Power-Series-In-Line-Fan/dp/B003IOOIXU?SubscriptionId=AKIAJPL4ZVHGGVHY7SLA&amp;tag=bestlightingfixtures-20&amp;linkCode=xm2&amp;camp=2025&amp;creative=165953&amp;creativeASIN=B003IOOIXU" rel="nofollow" target="_blank">Sold and ships: Details&#160;›</a></div>
<div class="c4"><span class="c6">$  111.54</span><br/>
Save: <span class="c6">$  137.46</span></div>
</div>
<div class="divRow">
<div class="c1"><img src="http://bestlightingfixturesusa.com/ebay.png" title="eBay" alt="eBay"/><br/><img src="http://bestlightingfixturesusa.com/4-5.png" title="Rating" alt="Rating"/> (View full votes)</div>
<div class="c3">Free shipping<br/><a href="http://bestlightingfixturesusa.com/category/ceiling-lights/">See terms&#160;›</a></div>
<div class="c4"><span class="c5">$  249.00</span></div>
</div>
<div class="divRow">
<div class="c1"><img src="http://bestlightingfixturesusa.com/bestbuy.png" title="Bestbuy" alt="Bestbuy"/><br/><img src="http://bestlightingfixturesusa.com/4-5.png" title="Rating" alt="Rating"/> (View all comments)</div>
<div class="c3">In Stock<br/><a href="http://bestlightingfixturesusa.com/category/outdoor-lighting/">Check Shipping &amp; Availability&#160;›</a></div>
<div class="c4"><span class="c5">$  249.00</span></div>
</div>
<div class="divRow">
<div class="c1"><img src="http://bestlightingfixturesusa.com/walmart.png" title="Walmart" alt="Walmart"/><br/><img src="http://bestlightingfixturesusa.com/4-5.png" title="Rating" alt="Rating"/> (See reviews product)</div>
<div class="c3">Online<br/><a href="http://bestlightingfixturesusa.com/category/ceiling-fans-accessories/">See Product Details&#160;›</a></div>
<div class="c4"><span class="c5">$  249.00</span></div>
</div>
</div>
</blockquote>
