<p>I love my sissy, therefore an explosion of icons! Part one is a set of 28 Beauty and the Beast icons.</p>
<p>Though created for <a href="http://mad-monkie.tumblr.com/" title="sissy" target="_blank">mad-monkie</a>, these are <strong>free to use</strong>, I just ask that if you do, please be sure to <strong>like and/or reblog this post</strong> ?(^?^?)?</p>
<p><em>Preview above the read more line:</em></p>
<p><img alt="image" src="https://31.media.tumblr.com/cbcd4555dc775c3a768fc181ebbdb817/tumblr_inline_n6d8iaGONa1r529ym.jpg"/><img alt="image" src="https://31.media.tumblr.com/63e6a6a1d1c7177e8317b5be01e7d5a5/tumblr_inline_n6d8sfxX9d1r529ym.jpg"/><img alt="image" src="https://31.media.tumblr.com/4759f5ac76ad74378f771f79cd95dbde/tumblr_inline_n6d8tmFXIT1r529ym.jpg"/></p>

<p></p>
<p><!-- more --></p>
<p><img alt="image" src="https://31.media.tumblr.com/9cccb923cab363aad356718ac60b87c6/tumblr_inline_n6d8iyxLFe1r529ym.jpg"/></p>
<p><img alt="image" src="https://31.media.tumblr.com/f22183f6ef9486f2ea0f8834064adfb8/tumblr_inline_n6d8jcwPX01r529ym.jpg"/></p>
<p><img alt="image" src="https://31.media.tumblr.com/8b3b04e7bdb65912f1280460cbf8f767/tumblr_inline_n6d8jqXBfD1r529ym.jpg"/></p>
<p><img alt="image" src="https://31.media.tumblr.com/2ad9e1f68bff7e14d4be4a3f2efbbd45/tumblr_inline_n6d8k4mxZl1r529ym.jpg"/></p>
<p><img alt="image" src="https://31.media.tumblr.com/5a52388a04d4e72ef94e686558db1726/tumblr_inline_n6d8klH09F1r529ym.jpg"/></p>
<p><img alt="image" src="https://31.media.tumblr.com/379af1f11d199358167212c4710632b6/tumblr_inline_n6d8l7kbV01r529ym.jpg"/></p>
<p><img alt="image" src="https://31.media.tumblr.com/12d26feaec285460838a34a0bba5765e/tumblr_inline_n6d8lixsgn1r529ym.jpg"/></p>
<p><img alt="image" src="https://31.media.tumblr.com/9abe110e1682a7ecf6fa5b671b1f553a/tumblr_inline_n6d8m7Ih1I1r529ym.jpg"/></p>
<p><img alt="image" src="https://31.media.tumblr.com/1eabc95830eadaf8bf9f50912a1c08a1/tumblr_inline_n6d8mqLZIn1r529ym.jpg"/></p>
<p><img alt="image" src="https://31.media.tumblr.com/bca2bbdf9f6ccc242a6cf48b486041a6/tumblr_inline_n6d8paAiY61r529ym.jpg"/></p>
<p><img alt="image" src="https://31.media.tumblr.com/11fb2559c18cd7ba307525392857036d/tumblr_inline_n6d8ppadSX1r529ym.jpg"/></p>
<p><img alt="image" src="https://31.media.tumblr.com/b1e92f2a83703302cd23224368c3e733/tumblr_inline_n6d8q12bTf1r529ym.jpg"/></p>
<p><img alt="image" src="https://31.media.tumblr.com/9bb1663963596f828d899cc5ac003baa/tumblr_inline_n6d8rpNceT1r529ym.jpg"/></p>

<p><img alt="image" src="https://31.media.tumblr.com/2ff5b463479082affb630b2c5a081c96/tumblr_inline_n6d8qhpBXC1r529ym.jpg"/></p>
<p><img alt="image" src="https://31.media.tumblr.com/ca742e56e64458dce9ed9b7e8f775872/tumblr_inline_n6d8uePTah1r529ym.jpg"/></p>
<p><img alt="image" src="https://31.media.tumblr.com/9a94796b97ade5c530ef22045d3c043a/tumblr_inline_n6d8ulw55y1r529ym.jpg"/></p>
<p><img alt="image" src="https://31.media.tumblr.com/99beb0ccf58f4a2be0ae29d75eb1ce57/tumblr_inline_n6d8uwCcEu1r529ym.jpg"/></p>
<p><img alt="image" src="https://31.media.tumblr.com/a0cec2ca6776e4633505e28cf11ec8ec/tumblr_inline_n6d8v6tHmc1r529ym.jpg"/></p>
<p><img alt="image" src="https://31.media.tumblr.com/dcf0a1cbd7dbebeb30aab79be9a876a3/tumblr_inline_n6d8vjX3861r529ym.jpg"/></p>
<p><img alt="image" src="https://31.media.tumblr.com/ddee037b1b65584694402f53cb0f6930/tumblr_inline_n6d8w1uNaW1r529ym.jpg"/></p>
<p><img alt="image" src="https://31.media.tumblr.com/2f78c89027a3579d02e25ba0be0f078c/tumblr_inline_n6d8wn4Ezx1r529ym.jpg"/></p>
<p><img alt="image" src="https://31.media.tumblr.com/b0f1df1e8134541158f82db01685f54f/tumblr_inline_n6d8wy024E1r529ym.jpg"/></p>
<p><img alt="image" src="https://31.media.tumblr.com/3b50d3c80438191774957d02d5a2eb3e/tumblr_inline_n6d8xcjliZ1r529ym.jpg"/></p>
<p><img alt="image" src="https://31.media.tumblr.com/cae6cf425af3932d79773d922fee0e9b/tumblr_inline_n6d8xpehUE1r529ym.jpg"/></p>
<blockquote>
<p><strong>BONUS:</strong></p>
<p><strong><img alt="image" src="https://31.media.tumblr.com/04a12e1e983d052df4e8a49b3da413f9/tumblr_inline_n6d8z7Y9Jv1r529ym.jpg"/></strong></p>

</blockquote>
<p></p>
<p>GOING TO SEE THE BEAUTY AND THE BEAST IN TWO HOURS \o/ in the cinema! With real people playing it XD yay for this german - french production- let&#8217;s hope that it&#8217;ll be good &lt;3 </p>
<p>Actually no not really lololololol</p>
<p>Beauty and the Beast. http://mindyleedoodles.tumblr.com/</p>
<p><img alt="image" src="http://24.media.tumblr.com/28cca4ecd31e1d92e77a7007297ec9e7/tumblr_n6acl6xTsT1syb85xo10_500.jpg"/></p>
<p>do u ever listen to beauty and the beast and cry</p>
