{"created_at":"Tue Jun 10 22:25:46 +0000 2014","id":476490430654468096,"id_str":"476490430654468096","text":"RT @KissMyPassport: @afterbuzztv @HitTheFloor @RealDeanCain #hitthefloor #HTF @DCComics #superman #NFL @VH1 #WATCH Such a fun interview w\/t\u2026","source":"\u003ca href=\"http:\/\/twitter.com\" rel=\"nofollow\"\u003eTwitter Web Client\u003c\/a\u003e","truncated":false,"in_reply_to_status_id":null,"in_reply_to_status_id_str":null,"in_reply_to_user_id":null,"in_reply_to_user_id_str":null,"in_reply_to_screen_name":null,"user":{"id":352472614,"id_str":"352472614","name":"Dean Cain Connection","screen_name":"DeanCainFansite","location":"Germany","url":"https:\/\/www.facebook.com\/DeanCainConnection","description":"Unofficial FB-site for @RealDeanCain\r\nCheck out the link https:\/\/www.facebook.com\/DeanCainConnection\r\nAdmin @RomanticManu","protected":false,"followers_count":679,"friends_count":364,"listed_count":3,"created_at":"Wed Aug 10 17:32:04 +0000 2011","favourites_count":4963,"utc_offset":7200,"time_zone":"Berlin","geo_enabled":true,"verified":false,"statuses_count":10792,"lang":"de","contributors_enabled":false,"is_translator":false,"is_translation_enabled":false,"profile_background_color":"1090CC","profile_background_image_url":"http:\/\/pbs.twimg.com\/profile_background_images\/458990443775012864\/V2qLG5ZE.jpeg","profile_background_image_url_https":"https:\/\/pbs.twimg.com\/profile_background_images\/458990443775012864\/V2qLG5ZE.jpeg","profile_background_tile":false,"profile_image_url":"http:\/\/pbs.twimg.com\/profile_images\/2260349542\/Profil-Pic_f_r_FB-fansite_normal.jpg","profile_image_url_https":"https:\/\/pbs.twimg.com\/profile_images\/2260349542\/Profil-Pic_f_r_FB-fansite_normal.jpg","profile_banner_url":"https:\/\/pbs.twimg.com\/profile_banners\/352472614\/1398268298","profile_link_color":"0099B9","profile_sidebar_border_color":"FFFFFF","profile_sidebar_fill_color":"95E8EC","profile_text_color":"3C3940","profile_use_background_image":true,"default_profile":false,"default_profile_image":false,"following":null,"follow_request_sent":null,"notifications":null},"geo":null,"coordinates":null,"place":null,"contributors":null,"retweeted_status":{"created_at":"Tue Jun 10 15:27:30 +0000 2014","id":476385172045041664,"id_str":"476385172045041664","text":"@afterbuzztv @HitTheFloor @RealDeanCain #hitthefloor #HTF @DCComics #superman #NFL @VH1 #WATCH Such a fun interview w\/the #TheManOfSteel","source":"\u003ca href=\"http:\/\/twitter.com\/download\/iphone\" rel=\"nofollow\"\u003eTwitter for iPhone\u003c\/a\u003e","truncated":false,"in_reply_to_status_id":476333123559755777,"in_reply_to_status_id_str":"476333123559755777","in_reply_to_user_id":174369819,"in_reply_to_user_id_str":"174369819","in_reply_to_screen_name":"afterbuzztv","user":{"id":287266095,"id_str":"287266095","name":"Alikona Bradford","screen_name":"KissMyPassport","location":"Los Angeles CA","url":"http:\/\/www.alikonabradford.wix.com\/televisionhost","description":"Professional Host, Dancer, Make-Up Artist, Blogger, and Trainer on Daily Burn. Also on Afterbuzz TV:)","protected":false,"followers_count":1214,"friends_count":984,"listed_count":27,"created_at":"Sun Apr 24 17:06:00 +0000 2011","favourites_count":2674,"utc_offset":-25200,"time_zone":"Pacific Time (US & Canada)","geo_enabled":true,"verified":false,"statuses_count":4909,"lang":"en","contributors_enabled":false,"is_translator":false,"is_translation_enabled":false,"profile_background_color":"474340","profile_background_image_url":"http:\/\/pbs.twimg.com\/profile_background_images\/685970813\/58f460d5c7859baf68d3bd97a6010fad.jpeg","profile_background_image_url_https":"https:\/\/pbs.twimg.com\/profile_background_images\/685970813\/58f460d5c7859baf68d3bd97a6010fad.jpeg","profile_background_tile":false,"profile_image_url":"http:\/\/pbs.twimg.com\/profile_images\/463552537204097024\/71yxFodD_normal.jpeg","profile_image_url_https":"https:\/\/pbs.twimg.com\/profile_images\/463552537204097024\/71yxFodD_normal.jpeg","profile_banner_url":"https:\/\/pbs.twimg.com\/profile_banners\/287266095\/1385654638","profile_link_color":"141212","profile_sidebar_border_color":"000000","profile_sidebar_fill_color":"EADEAA","profile_text_color":"333333","profile_use_background_image":true,"default_profile":false,"default_profile_image":false,"following":null,"follow_request_sent":null,"notifications":null},"geo":{"type":"Point","coordinates":[34.09649519,-118.34381565]},"coordinates":{"type":"Point","coordinates":[-118.34381565,34.09649519]},"place":{"id":"3b77caf94bfc81fe","url":"https:\/\/api.twitter.com\/1.1\/geo\/id\/3b77caf94bfc81fe.json","place_type":"city","name":"Los Angeles","full_name":"Los Angeles, CA","country_code":"US","country":"United States","contained_within":[],"bounding_box":{"type":"Polygon","coordinates":[[[-118.668404,33.704538],[-118.668404,34.330724],[-118.155409,34.330724],[-118.155409,33.704538]]]},"attributes":{}},"contributors":null,"retweet_count":2,"favorite_count":2,"entities":{"hashtags":[{"text":"hitthefloor","indices":[40,52]},{"text":"HTF","indices":[53,57]},{"text":"superman","indices":[68,77]},{"text":"NFL","indices":[78,82]},{"text":"WATCH","indices":[88,94]},{"text":"TheManOfSteel","indices":[122,136]}],"symbols":[],"urls":[],"user_mentions":[{"screen_name":"afterbuzztv","name":"AfterBuzz TV","id":174369819,"id_str":"174369819","indices":[0,12]},{"screen_name":"HitTheFloor","name":"Hit The Floor","id":1246572511,"id_str":"1246572511","indices":[13,25]},{"screen_name":"RealDeanCain","name":"Dean Cain","id":581999965,"id_str":"581999965","indices":[26,39]},{"screen_name":"DCComics","name":"DC Comics","id":18173624,"id_str":"18173624","indices":[58,67]},{"screen_name":"VH1","name":"VH1","id":33549858,"id_str":"33549858","indices":[83,87]}]},"favorited":false,"retweeted":false,"lang":"en"},"retweet_count":0,"favorite_count":0,"entities":{"hashtags":[{"text":"hitthefloor","indices":[60,72]},{"text":"HTF","indices":[73,77]},{"text":"superman","indices":[88,97]},{"text":"NFL","indices":[98,102]},{"text":"WATCH","indices":[108,114]},{"text":"TheManOfSteel","indices":[139,140]}],"symbols":[],"urls":[],"user_mentions":[{"screen_name":"KissMyPassport","name":"Alikona Bradford","id":287266095,"id_str":"287266095","indices":[3,18]},{"screen_name":"afterbuzztv","name":"AfterBuzz TV","id":174369819,"id_str":"174369819","indices":[20,32]},{"screen_name":"HitTheFloor","name":"Hit The Floor","id":1246572511,"id_str":"1246572511","indices":[33,45]},{"screen_name":"RealDeanCain","name":"Dean Cain","id":581999965,"id_str":"581999965","indices":[46,59]},{"screen_name":"DCComics","name":"DC Comics","id":18173624,"id_str":"18173624","indices":[78,87]},{"screen_name":"VH1","name":"VH1","id":33549858,"id_str":"33549858","indices":[103,107]}]},"favorited":false,"retweeted":false,"filter_level":"medium","lang":"en"}
{"created_at":"Tue Jun 10 22:39:40 +0000 2014","id":476493930142236672,"id_str":"476493930142236672","text":"\u3010#HTF\u30af\u30e9\u30b9\u30bf\u307e\u3058\u30ad\u30c1\u30ac\u30a4\u3011\u8aad\u3093\u3067\u5b57\u306e\u5982\u3057\u30bf\u30b0\u3002\u3044\u3084\u3044\u3084\u79c1\u30ad\u30c1\u30ac\u30a4\u3058\u3083\u3042\u308a\u307e\u305b\u3093\u3057\u304a\u3059\u3057\u3068\u3044\u3046\u8a00\u3044\u8a33\u3092\u3059\u308b\u969b\u306b\u4f7f\u7528\u3055\u308c\u308b\u3002","source":"\u003ca href=\"http:\/\/twittbot.net\/\" rel=\"nofollow\"\u003etwittbot.net\u003c\/a\u003e","truncated":false,"in_reply_to_status_id":null,"in_reply_to_status_id_str":null,"in_reply_to_user_id":null,"in_reply_to_user_id_str":null,"in_reply_to_screen_name":null,"user":{"id":567167337,"id_str":"567167337","name":"HTF\u30af\u30e9\u30b9\u30bfbot","screen_name":"htf_cluster","location":"","url":null,"description":"\u77e5\u308b\u4eba\u305e\u77e5\u308bHTF\u30af\u30e9\u30b9\u30bf\u3092\u3054\u7d39\u4ecb\u3002\u66f4\u306b\u306f\u540d\u8a00\u3001\u8ff7\u8a00\u3001\u30cf\u30c3\u30b7\u30e5\u30bf\u30b0\u7b49\u3005\u7d39\u4ecb\u3057\u3066\u3044\u304d\u307e\u3059\u3002\u30a2\u30a4\u30b3\u30f3\u306f\u3010@0705blue\u3011\u3055\u3093\u304b\u3089\u9802\u304d\u307e\u3057\u305f\uff01","protected":false,"followers_count":1401,"friends_count":1754,"listed_count":22,"created_at":"Mon Apr 30 09:33:48 +0000 2012","favourites_count":35,"utc_offset":32400,"time_zone":"Irkutsk","geo_enabled":false,"verified":false,"statuses_count":21281,"lang":"ja","contributors_enabled":false,"is_translator":false,"is_translation_enabled":false,"profile_background_color":"131516","profile_background_image_url":"http:\/\/abs.twimg.com\/images\/themes\/theme14\/bg.gif","profile_background_image_url_https":"https:\/\/abs.twimg.com\/images\/themes\/theme14\/bg.gif","profile_background_tile":true,"profile_image_url":"http:\/\/pbs.twimg.com\/profile_images\/2307053716\/rykr2aawsx5q0lne2di3_normal.png","profile_image_url_https":"https:\/\/pbs.twimg.com\/profile_images\/2307053716\/rykr2aawsx5q0lne2di3_normal.png","profile_link_color":"009999","profile_sidebar_border_color":"EEEEEE","profile_sidebar_fill_color":"EFEFEF","profile_text_color":"333333","profile_use_background_image":true,"default_profile":false,"default_profile_image":false,"following":null,"follow_request_sent":null,"notifications":null},"geo":null,"coordinates":null,"place":null,"contributors":null,"retweet_count":0,"favorite_count":0,"entities":{"hashtags":[{"text":"HTF\u30af\u30e9\u30b9\u30bf\u307e\u3058\u30ad\u30c1\u30ac\u30a4","indices":[1,15]}],"symbols":[],"urls":[],"user_mentions":[]},"favorited":false,"retweeted":false,"filter_level":"medium","lang":"ja"}
{"created_at":"Tue Jun 10 23:01:33 +0000 2014","id":476499436164481024,"id_str":"476499436164481024","text":"Watch me as #devilgirlMaggie!! \u201c@HitTheFloor: It's time to go #InsideTheArena w\/ Jelena Howard! http:\/\/t.co\/ux2vaYduh0\u201d","source":"\u003ca href=\"http:\/\/twitter.com\/download\/iphone\" rel=\"nofollow\"\u003eTwitter for iPhone\u003c\/a\u003e","truncated":false,"in_reply_to_status_id":476188802180853762,"in_reply_to_status_id_str":"476188802180853762","in_reply_to_user_id":1246572511,"in_reply_to_user_id_str":"1246572511","in_reply_to_screen_name":"HitTheFloor","user":{"id":76242931,"id_str":"76242931","name":"Meagan Kong","screen_name":"meagan_kong","location":"Los Angeles","url":null,"description":"Dance\/\/Print\/\/Clear Talent Group\n#HitTheFloor \n#DevilGirlMaggie","protected":false,"followers_count":476,"friends_count":225,"listed_count":3,"created_at":"Tue Sep 22 03:49:29 +0000 2009","favourites_count":127,"utc_offset":7200,"time_zone":"Paris","geo_enabled":true,"verified":false,"statuses_count":1281,"lang":"en","contributors_enabled":false,"is_translator":false,"is_translation_enabled":false,"profile_background_color":"1A1B1F","profile_background_image_url":"http:\/\/abs.twimg.com\/images\/themes\/theme9\/bg.gif","profile_background_image_url_https":"https:\/\/abs.twimg.com\/images\/themes\/theme9\/bg.gif","profile_background_tile":false,"profile_image_url":"http:\/\/pbs.twimg.com\/profile_images\/473646277595770880\/WWDwZEvF_normal.jpeg","profile_image_url_https":"https:\/\/pbs.twimg.com\/profile_images\/473646277595770880\/WWDwZEvF_normal.jpeg","profile_link_color":"2FC2EF","profile_sidebar_border_color":"181A1E","profile_sidebar_fill_color":"252429","profile_text_color":"666666","profile_use_background_image":true,"default_profile":false,"default_profile_image":false,"following":null,"follow_request_sent":null,"notifications":null},"geo":null,"coordinates":null,"place":null,"contributors":null,"retweet_count":0,"favorite_count":0,"entities":{"hashtags":[{"text":"devilgirlMaggie","indices":[12,28]},{"text":"InsideTheArena","indices":[62,77]}],"symbols":[],"urls":[{"url":"http:\/\/t.co\/ux2vaYduh0","expanded_url":"http:\/\/on.vh1.com\/1pefGyc","display_url":"on.vh1.com\/1pefGyc","indices":[96,118]}],"user_mentions":[{"screen_name":"HitTheFloor","name":"Hit The Floor","id":1246572511,"id_str":"1246572511","indices":[32,44]}]},"favorited":false,"retweeted":false,"possibly_sensitive":false,"filter_level":"medium","lang":"en"}
{"created_at":"Tue Jun 10 23:13:25 +0000 2014","id":476502421892386816,"id_str":"476502421892386816","text":"you're baking me crazy\u3088\u308a\n\u30e9\u30f3\u30d4\u30fc\u304c\u30da\u30c1\u30e5\u30cb\u30a2\u306b\u300c\u30cf\u30c3\u30d4\u30fc\u30d0\u30fc\u30b9\u30c7\u30fc\u300d\u3068\u8a00\u3063\u3066\u6e21\u3057\u3066\u3044\u308b\u30b1\u30fc\u30ad\u306e\u308d\u3046\u305d\u304f\u306e\u6570\u306f3\u3002\n\u30da\u30c1\u30e5\u30cb\u30a2\u306f3\u6b73\u306a\u306e\u3060\u308d\u3046\u304b\u3002 #HTF","source":"\u003ca href=\"http:\/\/twittbot.net\/\" rel=\"nofollow\"\u003etwittbot.net\u003c\/a\u003e","truncated":false,"in_reply_to_status_id":null,"in_reply_to_status_id_str":null,"in_reply_to_user_id":null,"in_reply_to_user_id_str":null,"in_reply_to_screen_name":null,"user":{"id":2149537380,"id_str":"2149537380","name":"HappyTreeFriends\u3044\u308d\u3044\u308d","screen_name":"HTF_aru","location":"\u30d5\u30a9\u30ed\u30d0\u81ea\u52d5100%\u3067\u3059\u3002","url":null,"description":"HTF\u306e\u3044\u308d\u3044\u308d\u3092\u545f\u304fbot\u3067\u3059\u3002\u305f\u307e\u306b\u6c17\u307e\u3050\u308c\u3067\u30af\u30a4\u30ba\u306a\u3069\u3082\u3057\u305f\u308a\u3057\u307e\u3059\u3002","protected":false,"followers_count":461,"friends_count":593,"listed_count":3,"created_at":"Tue Oct 22 18:47:23 +0000 2013","favourites_count":163,"utc_offset":null,"time_zone":null,"geo_enabled":false,"verified":false,"statuses_count":4550,"lang":"ja","contributors_enabled":false,"is_translator":false,"is_translation_enabled":false,"profile_background_color":"C0DEED","profile_background_image_url":"http:\/\/abs.twimg.com\/images\/themes\/theme1\/bg.png","profile_background_image_url_https":"https:\/\/abs.twimg.com\/images\/themes\/theme1\/bg.png","profile_background_tile":false,"profile_image_url":"http:\/\/pbs.twimg.com\/profile_images\/378800000633986750\/dbe7601296b8248568cf627fbb53862f_normal.png","profile_image_url_https":"https:\/\/pbs.twimg.com\/profile_images\/378800000633986750\/dbe7601296b8248568cf627fbb53862f_normal.png","profile_banner_url":"https:\/\/pbs.twimg.com\/profile_banners\/2149537380\/1382467881","profile_link_color":"0084B4","profile_sidebar_border_color":"C0DEED","profile_sidebar_fill_color":"DDEEF6","profile_text_color":"333333","profile_use_background_image":true,"default_profile":true,"default_profile_image":false,"following":null,"follow_request_sent":null,"notifications":null},"geo":null,"coordinates":null,"place":null,"contributors":null,"retweet_count":0,"favorite_count":0,"entities":{"hashtags":[{"text":"HTF","indices":[86,90]}],"symbols":[],"urls":[],"user_mentions":[]},"favorited":false,"retweeted":false,"filter_level":"medium","lang":"ja"}
{"created_at":"Tue Jun 10 23:27:15 +0000 2014","id":476505906134274048,"id_str":"476505906134274048","text":"RT @Classsy_sassy: They didn't see that flash \ud83d\ude36\ud83d\ude47 @HitTheFloor #hitthefloor @mckinleyfreeman @TaylourPaige I'm just saying it was kind of br\u2026","source":"\u003ca href=\"http:\/\/twitter.com\/download\/iphone\" rel=\"nofollow\"\u003eTwitter for iPhone\u003c\/a\u003e","truncated":false,"in_reply_to_status_id":null,"in_reply_to_status_id_str":null,"in_reply_to_user_id":null,"in_reply_to_user_id_str":null,"in_reply_to_screen_name":null,"user":{"id":2558276629,"id_str":"2558276629","name":"MYMY ","screen_name":"forevermykaela","location":"","url":null,"description":"Follow me on Instagram @MykaelaJones","protected":false,"followers_count":35,"friends_count":155,"listed_count":0,"created_at":"Tue Jun 10 05:32:11 +0000 2014","favourites_count":15,"utc_offset":null,"time_zone":null,"geo_enabled":false,"verified":false,"statuses_count":70,"lang":"en","contributors_enabled":false,"is_translator":false,"is_translation_enabled":false,"profile_background_color":"C0DEED","profile_background_image_url":"http:\/\/abs.twimg.com\/images\/themes\/theme1\/bg.png","profile_background_image_url_https":"https:\/\/abs.twimg.com\/images\/themes\/theme1\/bg.png","profile_background_tile":false,"profile_image_url":"http:\/\/pbs.twimg.com\/profile_images\/476236036813512706\/aYND8fCi_normal.jpeg","profile_image_url_https":"https:\/\/pbs.twimg.com\/profile_images\/476236036813512706\/aYND8fCi_normal.jpeg","profile_banner_url":"https:\/\/pbs.twimg.com\/profile_banners\/2558276629\/1402378493","profile_link_color":"0084B4","profile_sidebar_border_color":"C0DEED","profile_sidebar_fill_color":"DDEEF6","profile_text_color":"333333","profile_use_background_image":true,"default_profile":true,"default_profile_image":false,"following":null,"follow_request_sent":null,"notifications":null},"geo":null,"coordinates":null,"place":null,"contributors":null,"retweeted_status":{"created_at":"Tue Jun 10 03:47:00 +0000 2014","id":476208883892244480,"id_str":"476208883892244480","text":"They didn't see that flash \ud83d\ude36\ud83d\ude47 @HitTheFloor #hitthefloor @mckinleyfreeman @TaylourPaige I'm just saying it was kind of bright","source":"\u003ca href=\"http:\/\/twitter.com\/download\/iphone\" rel=\"nofollow\"\u003eTwitter for iPhone\u003c\/a\u003e","truncated":false,"in_reply_to_status_id":null,"in_reply_to_status_id_str":null,"in_reply_to_user_id":null,"in_reply_to_user_id_str":null,"in_reply_to_screen_name":null,"user":{"id":549249253,"id_str":"549249253","name":"jolie_princesse","screen_name":"Classsy_sassy","location":"","url":null,"description":"Future business owner. Grab his hand, Kiss him,Run off to another land.Instagram: @jolie__princesse. I want to be wealthy and meet Trey Songz. Poet.","protected":false,"followers_count":314,"friends_count":399,"listed_count":0,"created_at":"Mon Apr 09 13:57:14 +0000 2012","favourites_count":1842,"utc_offset":-10800,"time_zone":"Atlantic Time (Canada)","geo_enabled":false,"verified":false,"statuses_count":1738,"lang":"en","contributors_enabled":false,"is_translator":false,"is_translation_enabled":false,"profile_background_color":"C0DEED","profile_background_image_url":"http:\/\/pbs.twimg.com\/profile_background_images\/506485452\/tumblr_m15mz1MY6w1qcncteo1_500.jpg","profile_background_image_url_https":"https:\/\/pbs.twimg.com\/profile_background_images\/506485452\/tumblr_m15mz1MY6w1qcncteo1_500.jpg","profile_background_tile":true,"profile_image_url":"http:\/\/pbs.twimg.com\/profile_images\/472974902354399232\/WMj33ALo_normal.jpeg","profile_image_url_https":"https:\/\/pbs.twimg.com\/profile_images\/472974902354399232\/WMj33ALo_normal.jpeg","profile_banner_url":"https:\/\/pbs.twimg.com\/profile_banners\/549249253\/1395031111","profile_link_color":"0084B4","profile_sidebar_border_color":"C0DEED","profile_sidebar_fill_color":"DDEEF6","profile_text_color":"333333","profile_use_background_image":true,"default_profile":false,"default_profile_image":false,"following":null,"follow_request_sent":null,"notifications":null},"geo":null,"coordinates":null,"place":null,"contributors":null,"retweet_count":3,"favorite_count":6,"entities":{"hashtags":[{"text":"hitthefloor","indices":[43,55]}],"symbols":[],"urls":[],"user_mentions":[{"screen_name":"HitTheFloor","name":"Hit The Floor","id":1246572511,"id_str":"1246572511","indices":[30,42]},{"screen_name":"mckinleyfreeman","name":"McKinley Freeman","id":447640608,"id_str":"447640608","indices":[56,72]},{"screen_name":"TaylourPaige","name":"Taylour Paige","id":19031922,"id_str":"19031922","indices":[73,86]}]},"favorited":false,"retweeted":false,"lang":"en"},"retweet_count":0,"favorite_count":0,"entities":{"hashtags":[{"text":"hitthefloor","indices":[62,74]}],"symbols":[],"urls":[],"user_mentions":[{"screen_name":"Classsy_sassy","name":"jolie_princesse","id":549249253,"id_str":"549249253","indices":[3,17]},{"screen_name":"HitTheFloor","name":"Hit The Floor","id":1246572511,"id_str":"1246572511","indices":[49,61]},{"screen_name":"mckinleyfreeman","name":"McKinley Freeman","id":447640608,"id_str":"447640608","indices":[75,91]},{"screen_name":"TaylourPaige","name":"Taylour Paige","id":19031922,"id_str":"19031922","indices":[92,105]}]},"favorited":false,"retweeted":false,"filter_level":"medium","lang":"en"}
{"created_at":"Tue Jun 10 23:55:00 +0000 2014","id":476512888317026305,"id_str":"476512888317026305","text":"@CherieAmour628 wellll since I don't know anything bout sleepy hollow Uhhh I'm just gonna agree with you on the #HTF \ud83d\udd25\u270c\ufe0f","source":"\u003ca href=\"http:\/\/twitter.com\/download\/iphone\" rel=\"nofollow\"\u003eTwitter for iPhone\u003c\/a\u003e","truncated":false,"in_reply_to_status_id":476506665550745600,"in_reply_to_status_id_str":"476506665550745600","in_reply_to_user_id":74918834,"in_reply_to_user_id_str":"74918834","in_reply_to_screen_name":"CherieAmour628","user":{"id":1043618875,"id_str":"1043618875","name":"\u2765\u20b4teffanie\u2765","screen_name":"SNicole_H","location":"","url":null,"description":"Love all. Trust a few. Do wrong to none. #SteelersNation","protected":false,"followers_count":372,"friends_count":552,"listed_count":1,"created_at":"Sat Dec 29 02:08:20 +0000 2012","favourites_count":468,"utc_offset":-14400,"time_zone":"Eastern Time (US & Canada)","geo_enabled":false,"verified":false,"statuses_count":989,"lang":"en","contributors_enabled":false,"is_translator":false,"is_translation_enabled":false,"profile_background_color":"001118","profile_background_image_url":"http:\/\/pbs.twimg.com\/profile_background_images\/844382042\/5580afc1b0384a04b7610749117181c4.png","profile_background_image_url_https":"https:\/\/pbs.twimg.com\/profile_background_images\/844382042\/5580afc1b0384a04b7610749117181c4.png","profile_background_tile":true,"profile_image_url":"http:\/\/pbs.twimg.com\/profile_images\/433699856352550912\/AoKc4maY_normal.jpeg","profile_image_url_https":"https:\/\/pbs.twimg.com\/profile_images\/433699856352550912\/AoKc4maY_normal.jpeg","profile_banner_url":"https:\/\/pbs.twimg.com\/profile_banners\/1043618875\/1392267444","profile_link_color":"022028","profile_sidebar_border_color":"817B61","profile_sidebar_fill_color":"3C6159","profile_text_color":"063640","profile_use_background_image":true,"default_profile":false,"default_profile_image":false,"following":null,"follow_request_sent":null,"notifications":null},"geo":null,"coordinates":null,"place":null,"contributors":null,"retweet_count":0,"favorite_count":0,"entities":{"hashtags":[{"text":"HTF","indices":[112,116]}],"symbols":[],"urls":[],"user_mentions":[{"screen_name":"CherieAmour628","name":"Cherie J","id":74918834,"id_str":"74918834","indices":[0,15]}]},"favorited":false,"retweeted":false,"filter_level":"medium","lang":"en"}
{"created_at":"Wed Jun 11 06:13:39 +0000 2014","id":476608179027980289,"id_str":"476608179027980289","text":"\u304e\u3083\u30fc\u75db\u3044\u75db\u3044\u75db\u3044\u75db\u3044(\u7b11)!!!!\n\n\u3068\u8a00\u3044\u306a\u304c\u3089\u3082\u898b\u3066\u3044\u308b\u541b\u306e\u9854\u306f\u7b11\u3063\u3066\u3044\u308b\u306d\uff1f #HTF","source":"\u003ca href=\"http:\/\/twittbot.net\/\" rel=\"nofollow\"\u003etwittbot.net\u003c\/a\u003e","truncated":false,"in_reply_to_status_id":null,"in_reply_to_status_id_str":null,"in_reply_to_user_id":null,"in_reply_to_user_id_str":null,"in_reply_to_screen_name":null,"user":{"id":2149537380,"id_str":"2149537380","name":"HappyTreeFriends\u3044\u308d\u3044\u308d","screen_name":"HTF_aru","location":"\u30d5\u30a9\u30ed\u30d0\u81ea\u52d5100%\u3067\u3059\u3002","url":null,"description":"HTF\u306e\u3044\u308d\u3044\u308d\u3092\u545f\u304fbot\u3067\u3059\u3002\u305f\u307e\u306b\u6c17\u307e\u3050\u308c\u3067\u30af\u30a4\u30ba\u306a\u3069\u3082\u3057\u305f\u308a\u3057\u307e\u3059\u3002","protected":false,"followers_count":462,"friends_count":593,"listed_count":3,"created_at":"Tue Oct 22 18:47:23 +0000 2013","favourites_count":163,"utc_offset":null,"time_zone":null,"geo_enabled":false,"verified":false,"statuses_count":4557,"lang":"ja","contributors_enabled":false,"is_translator":false,"is_translation_enabled":false,"profile_background_color":"C0DEED","profile_background_image_url":"http:\/\/abs.twimg.com\/images\/themes\/theme1\/bg.png","profile_background_image_url_https":"https:\/\/abs.twimg.com\/images\/themes\/theme1\/bg.png","profile_background_tile":false,"profile_image_url":"http:\/\/pbs.twimg.com\/profile_images\/378800000633986750\/dbe7601296b8248568cf627fbb53862f_normal.png","profile_image_url_https":"https:\/\/pbs.twimg.com\/profile_images\/378800000633986750\/dbe7601296b8248568cf627fbb53862f_normal.png","profile_banner_url":"https:\/\/pbs.twimg.com\/profile_banners\/2149537380\/1382467881","profile_link_color":"0084B4","profile_sidebar_border_color":"C0DEED","profile_sidebar_fill_color":"DDEEF6","profile_text_color":"333333","profile_use_background_image":true,"default_profile":true,"default_profile_image":false,"following":null,"follow_request_sent":null,"notifications":null},"geo":null,"coordinates":null,"place":null,"contributors":null,"retweet_count":0,"favorite_count":0,"entities":{"hashtags":[{"text":"HTF","indices":[43,47]}],"symbols":[],"urls":[],"user_mentions":[]},"favorited":false,"retweeted":false,"filter_level":"medium","lang":"ja"}
{"created_at":"Wed Jun 11 06:24:33 +0000 2014","id":476610923864399872,"id_str":"476610923864399872","text":"\u201c@Mega_Changer: Watching last night's episode again, so good. @HitTheFloor @Haselstar freaking killed!!! #ilovearelly #favoritedevilsgirl\u201d\n\ud83d\udc96","source":"\u003ca href=\"http:\/\/twitter.com\/download\/iphone\" rel=\"nofollow\"\u003eTwitter for iPhone\u003c\/a\u003e","truncated":false,"in_reply_to_status_id":476571688214482944,"in_reply_to_status_id_str":"476571688214482944","in_reply_to_user_id":20983458,"in_reply_to_user_id_str":"20983458","in_reply_to_screen_name":"Mega_Changer","user":{"id":283663948,"id_str":"283663948","name":"Stephanie Moseley","screen_name":"Haselstar","location":"Vancouver~La","url":"http:\/\/www.StephanieMoseley.com","description":"Actress, Dancer, Artist. #VH1 #HITTHEFLOOR #ARELLY 1\/2 OF KNSMUSICGROUP #2014 Thi$ time i$ for the money baby @knsmusicgroup #KNS","protected":false,"followers_count":7514,"friends_count":87,"listed_count":64,"created_at":"Sun Apr 17 19:15:54 +0000 2011","favourites_count":2715,"utc_offset":-25200,"time_zone":"Pacific Time (US & Canada)","geo_enabled":false,"verified":true,"statuses_count":4061,"lang":"en","contributors_enabled":false,"is_translator":false,"is_translation_enabled":false,"profile_background_color":"EDD8E6","profile_background_image_url":"http:\/\/pbs.twimg.com\/profile_background_images\/433458133910827010\/RGg6jYOu.jpeg","profile_background_image_url_https":"https:\/\/pbs.twimg.com\/profile_background_images\/433458133910827010\/RGg6jYOu.jpeg","profile_background_tile":true,"profile_image_url":"http:\/\/pbs.twimg.com\/profile_images\/474702069153005569\/1Vg2sOfN_normal.jpeg","profile_image_url_https":"https:\/\/pbs.twimg.com\/profile_images\/474702069153005569\/1Vg2sOfN_normal.jpeg","profile_banner_url":"https:\/\/pbs.twimg.com\/profile_banners\/283663948\/1402012769","profile_link_color":"8A0822","profile_sidebar_border_color":"FFFFFF","profile_sidebar_fill_color":"DAECF4","profile_text_color":"663B12","profile_use_background_image":true,"default_profile":false,"default_profile_image":false,"following":null,"follow_request_sent":null,"notifications":null},"geo":null,"coordinates":null,"place":null,"contributors":null,"retweet_count":0,"favorite_count":0,"entities":{"hashtags":[{"text":"ilovearelly","indices":[105,117]},{"text":"favoritedevilsgirl","indices":[118,137]}],"symbols":[],"urls":[],"user_mentions":[{"screen_name":"Mega_Changer","name":"Megan Sparkes","id":20983458,"id_str":"20983458","indices":[1,14]},{"screen_name":"HitTheFloor","name":"Hit The Floor","id":1246572511,"id_str":"1246572511","indices":[62,74]},{"screen_name":"Haselstar","name":"Stephanie Moseley","id":283663948,"id_str":"283663948","indices":[75,85]}]},"favorited":false,"retweeted":false,"filter_level":"medium","lang":"en"}
{"created_at":"Wed Jun 11 06:54:07 +0000 2014","id":476618362135408641,"id_str":"476618362135408641","text":"#HTF\u30af\u30e9\u30b9\u30bf\u3055\u3093\u3068\u7e4b\u304c\u308a\u305f\u3044\n\n\u30c7\u30a3\u30c9\u306e\u30af\u30aa\u30ea\u30c6\u30a3\u9177\u3044wwwwww http:\/\/t.co\/SxdEzbmCV5","source":"\u003ca href=\"https:\/\/mobile.twitter.com\" rel=\"nofollow\"\u003eMobile Web (M5)\u003c\/a\u003e","truncated":false,"in_reply_to_status_id":null,"in_reply_to_status_id_str":null,"in_reply_to_user_id":null,"in_reply_to_user_id_str":null,"in_reply_to_screen_name":null,"user":{"id":2526304783,"id_str":"2526304783","name":"\u708e\u8702","screen_name":"firebee5","location":"","url":null,"description":"\u6620\u753b\u5ec3\u3067\u3059\r\n\u30a2\u30d9\u30f3\u30b8\u30e3\u30fc\u30ba\u597d\u304d\u3002\u30ad\u30e3\u30c3\u30d7\u304c\u3002\u30ad\u30e3\u30c3\u30d7\u304c\u3002\r\n\u30ed\u30ad\u30bd\u30fc\u3001\u30a8\u30ea\u30c1\u30e3\u3001\u30d0\u30ad\u30b9\u30c6\u3001\u30c8\u30cb\u30d0\u30ca\u6cbc\u304b\u3089\u629c\u3051\u51fa\u305b\u306a\u3044\u306e\u3067\u9053\u9023\u308c\u306b\u3057\u305f\u3044\u3002\r\n\u540c\u3058\u30b8\u30e3\u30f3\u30eb\u306e\u65b9\u3005\u3068\u7e4b\u304c\u308a\u305f\u3044\u3002\r\nlike:MARVEL\u6620\u753b\/\u5b9f\u5199TF\/HTF\uff08\u64ec\u4eba\u5316\uff09\/APH\u7b49\r\nKC pink","protected":false,"followers_count":20,"friends_count":27,"listed_count":0,"created_at":"Tue May 27 01:54:20 +0000 2014","favourites_count":33,"utc_offset":null,"time_zone":null,"geo_enabled":false,"verified":false,"statuses_count":206,"lang":"ja","contributors_enabled":false,"is_translator":false,"is_translation_enabled":false,"profile_background_color":"C0DEED","profile_background_image_url":"http:\/\/abs.twimg.com\/images\/themes\/theme1\/bg.png","profile_background_image_url_https":"https:\/\/abs.twimg.com\/images\/themes\/theme1\/bg.png","profile_background_tile":false,"profile_image_url":"http:\/\/pbs.twimg.com\/profile_images\/471997585259892737\/r6ptwKET_normal.jpeg","profile_image_url_https":"https:\/\/pbs.twimg.com\/profile_images\/471997585259892737\/r6ptwKET_normal.jpeg","profile_banner_url":"https:\/\/pbs.twimg.com\/profile_banners\/2526304783\/1401367968","profile_link_color":"0084B4","profile_sidebar_border_color":"C0DEED","profile_sidebar_fill_color":"DDEEF6","profile_text_color":"333333","profile_use_background_image":true,"default_profile":true,"default_profile_image":false,"following":null,"follow_request_sent":null,"notifications":null},"geo":null,"coordinates":null,"place":null,"contributors":null,"retweet_count":0,"favorite_count":0,"entities":{"hashtags":[{"text":"HTF\u30af\u30e9\u30b9\u30bf\u3055\u3093\u3068\u7e4b\u304c\u308a\u305f\u3044","indices":[0,16]}],"symbols":[],"urls":[],"user_mentions":[],"media":[{"id":476618361976012800,"id_str":"476618361976012800","indices":[36,58],"media_url":"http:\/\/pbs.twimg.com\/media\/Bp1J3_8CQAAw-OO.jpg","media_url_https":"https:\/\/pbs.twimg.com\/media\/Bp1J3_8CQAAw-OO.jpg","url":"http:\/\/t.co\/SxdEzbmCV5","display_url":"pic.twitter.com\/SxdEzbmCV5","expanded_url":"http:\/\/twitter.com\/firebee5\/status\/476618362135408641\/photo\/1","type":"photo","sizes":{"medium":{"w":477,"h":1000,"resize":"fit"},"small":{"w":324,"h":680,"resize":"fit"},"thumb":{"w":150,"h":150,"resize":"crop"},"large":{"w":477,"h":1000,"resize":"fit"}}}]},"favorited":false,"retweeted":false,"possibly_sensitive":false,"filter_level":"medium","lang":"ja"}
{"created_at":"Wed Jun 11 07:13:15 +0000 2014","id":476623176143626240,"id_str":"476623176143626240","text":"\u30e9\u30f3\u30d4\u30fc\u306f\u4ed6\u306e\u30ad\u30e3\u30e9\u30af\u30bf\u30fc\u3088\u308a\u4f53\u304c\u5f37\u304f\u3001\u3057\u3076\u3068\u304f\u3064\u304f\u3089\u308c\u3066\u3044\u308b\u306a\u3002 #HTF","source":"\u003ca href=\"http:\/\/twittbot.net\/\" rel=\"nofollow\"\u003etwittbot.net\u003c\/a\u003e","truncated":false,"in_reply_to_status_id":null,"in_reply_to_status_id_str":null,"in_reply_to_user_id":null,"in_reply_to_user_id_str":null,"in_reply_to_screen_name":null,"user":{"id":2149537380,"id_str":"2149537380","name":"HappyTreeFriends\u3044\u308d\u3044\u308d","screen_name":"HTF_aru","location":"\u30d5\u30a9\u30ed\u30d0\u81ea\u52d5100%\u3067\u3059\u3002","url":null,"description":"HTF\u306e\u3044\u308d\u3044\u308d\u3092\u545f\u304fbot\u3067\u3059\u3002\u305f\u307e\u306b\u6c17\u307e\u3050\u308c\u3067\u30af\u30a4\u30ba\u306a\u3069\u3082\u3057\u305f\u308a\u3057\u307e\u3059\u3002","protected":false,"followers_count":462,"friends_count":593,"listed_count":3,"created_at":"Tue Oct 22 18:47:23 +0000 2013","favourites_count":163,"utc_offset":null,"time_zone":null,"geo_enabled":false,"verified":false,"statuses_count":4558,"lang":"ja","contributors_enabled":false,"is_translator":false,"is_translation_enabled":false,"profile_background_color":"C0DEED","profile_background_image_url":"http:\/\/abs.twimg.com\/images\/themes\/theme1\/bg.png","profile_background_image_url_https":"https:\/\/abs.twimg.com\/images\/themes\/theme1\/bg.png","profile_background_tile":false,"profile_image_url":"http:\/\/pbs.twimg.com\/profile_images\/378800000633986750\/dbe7601296b8248568cf627fbb53862f_normal.png","profile_image_url_https":"https:\/\/pbs.twimg.com\/profile_images\/378800000633986750\/dbe7601296b8248568cf627fbb53862f_normal.png","profile_banner_url":"https:\/\/pbs.twimg.com\/profile_banners\/2149537380\/1382467881","profile_link_color":"0084B4","profile_sidebar_border_color":"C0DEED","profile_sidebar_fill_color":"DDEEF6","profile_text_color":"333333","profile_use_background_image":true,"default_profile":true,"default_profile_image":false,"following":null,"follow_request_sent":null,"notifications":null},"geo":null,"coordinates":null,"place":null,"contributors":null,"retweet_count":0,"favorite_count":0,"entities":{"hashtags":[{"text":"HTF","indices":[34,38]}],"symbols":[],"urls":[],"user_mentions":[]},"favorited":false,"retweeted":false,"filter_level":"medium","lang":"ja"}
{"created_at":"Wed Jun 11 07:25:55 +0000 2014","id":476626364695838720,"id_str":"476626364695838720","text":"RT @Allisonholker: Who's watching @HitTheFloor tonight! Let me know what U think of our dance tonight\ud83d\udc6fDANCING #devilgirls #HitTheFloor http\u2026","source":"\u003ca href=\"http:\/\/twitter.com\/download\/android\" rel=\"nofollow\"\u003eTwitter for Android\u003c\/a\u003e","truncated":false,"in_reply_to_status_id":null,"in_reply_to_status_id_str":null,"in_reply_to_user_id":null,"in_reply_to_user_id_str":null,"in_reply_to_screen_name":null,"user":{"id":426975759,"id_str":"426975759","name":"\u00d8b\u0119\u00ff M\u0113","screen_name":"DeclanSharod","location":"","url":null,"description":"@katie_obriennn SHE IS MINE GUYS BEWARE I WILL KILL YOU","protected":false,"followers_count":458,"friends_count":1163,"listed_count":3,"created_at":"Fri Dec 02 23:13:49 +0000 2011","favourites_count":1270,"utc_offset":null,"time_zone":null,"geo_enabled":false,"verified":false,"statuses_count":1496,"lang":"en","contributors_enabled":false,"is_translator":false,"is_translation_enabled":false,"profile_background_color":"352726","profile_background_image_url":"http:\/\/pbs.twimg.com\/profile_background_images\/619085494\/ecxg3xj734x9rr24emmp.jpeg","profile_background_image_url_https":"https:\/\/pbs.twimg.com\/profile_background_images\/619085494\/ecxg3xj734x9rr24emmp.jpeg","profile_background_tile":true,"profile_image_url":"http:\/\/pbs.twimg.com\/profile_images\/473512961709834240\/E21QU3U5_normal.jpeg","profile_image_url_https":"https:\/\/pbs.twimg.com\/profile_images\/473512961709834240\/E21QU3U5_normal.jpeg","profile_banner_url":"https:\/\/pbs.twimg.com\/profile_banners\/426975759\/1400358680","profile_link_color":"D02B55","profile_sidebar_border_color":"5E729C","profile_sidebar_fill_color":"99CC33","profile_text_color":"3E4415","profile_use_background_image":true,"default_profile":false,"default_profile_image":false,"following":null,"follow_request_sent":null,"notifications":null},"geo":null,"coordinates":null,"place":null,"contributors":null,"retweeted_status":{"created_at":"Mon Jun 09 23:39:40 +0000 2014","id":476146643545653248,"id_str":"476146643545653248","text":"Who's watching @HitTheFloor tonight! Let me know what U think of our dance tonight\ud83d\udc6fDANCING #devilgirls #HitTheFloor http:\/\/t.co\/Tg0z8wgHiV","source":"\u003ca href=\"http:\/\/twitter.com\/download\/iphone\" rel=\"nofollow\"\u003eTwitter for iPhone\u003c\/a\u003e","truncated":false,"in_reply_to_status_id":null,"in_reply_to_status_id_str":null,"in_reply_to_user_id":null,"in_reply_to_user_id_str":null,"in_reply_to_screen_name":null,"user":{"id":108861466,"id_str":"108861466","name":"Allison holker","screen_name":"Allisonholker","location":"","url":"http:\/\/www.allisonholker.com","description":"I dance, I live, I create from #SYTYCD & charlie on #HITTHEFLOOR   #MOMMY http:\/\/www.allisonholker.com\/blog","protected":false,"followers_count":74344,"friends_count":597,"listed_count":969,"created_at":"Wed Jan 27 06:52:29 +0000 2010","favourites_count":3100,"utc_offset":-25200,"time_zone":"Pacific Time (US & Canada)","geo_enabled":false,"verified":true,"statuses_count":9588,"lang":"en","contributors_enabled":false,"is_translator":false,"is_translation_enabled":false,"profile_background_color":"9AE4E8","profile_background_image_url":"http:\/\/pbs.twimg.com\/profile_background_images\/653578013\/flh6y3q34zi4sn6pr34l.jpeg","profile_background_image_url_https":"https:\/\/pbs.twimg.com\/profile_background_images\/653578013\/flh6y3q34zi4sn6pr34l.jpeg","profile_background_tile":true,"profile_image_url":"http:\/\/pbs.twimg.com\/profile_images\/378800000663465513\/6f6656fc136850e993f80a668fef975b_normal.jpeg","profile_image_url_https":"https:\/\/pbs.twimg.com\/profile_images\/378800000663465513\/6f6656fc136850e993f80a668fef975b_normal.jpeg","profile_banner_url":"https:\/\/pbs.twimg.com\/profile_banners\/108861466\/1366781325","profile_link_color":"0084B4","profile_sidebar_border_color":"BDDCAD","profile_sidebar_fill_color":"DDFFCC","profile_text_color":"333333","profile_use_background_image":true,"default_profile":false,"default_profile_image":false,"following":null,"follow_request_sent":null,"notifications":null},"geo":null,"coordinates":null,"place":null,"contributors":null,"retweet_count":13,"favorite_count":60,"entities":{"hashtags":[{"text":"devilgirls","indices":[91,102]},{"text":"HitTheFloor","indices":[103,115]}],"symbols":[],"urls":[],"user_mentions":[{"screen_name":"HitTheFloor","name":"Hit The Floor","id":1246572511,"id_str":"1246572511","indices":[15,27]}],"media":[{"id":476146639325761536,"id_str":"476146639325761536","indices":[116,138],"media_url":"http:\/\/pbs.twimg.com\/media\/Bpuc2IICEAAqsBj.jpg","media_url_https":"https:\/\/pbs.twimg.com\/media\/Bpuc2IICEAAqsBj.jpg","url":"http:\/\/t.co\/Tg0z8wgHiV","display_url":"pic.twitter.com\/Tg0z8wgHiV","expanded_url":"http:\/\/twitter.com\/Allisonholker\/status\/476146643545653248\/photo\/1","type":"photo","sizes":{"medium":{"w":600,"h":450,"resize":"fit"},"large":{"w":1024,"h":768,"resize":"fit"},"thumb":{"w":150,"h":150,"resize":"crop"},"small":{"w":340,"h":255,"resize":"fit"}}}]},"favorited":false,"retweeted":false,"possibly_sensitive":false,"lang":"en"},"retweet_count":0,"favorite_count":0,"entities":{"hashtags":[{"text":"devilgirls","indices":[110,121]},{"text":"HitTheFloor","indices":[122,134]}],"symbols":[],"urls":[],"user_mentions":[{"screen_name":"Allisonholker","name":"Allison holker","id":108861466,"id_str":"108861466","indices":[3,17]},{"screen_name":"HitTheFloor","name":"Hit The Floor","id":1246572511,"id_str":"1246572511","indices":[34,46]}],"media":[{"id":476146639325761536,"id_str":"476146639325761536","indices":[139,140],"media_url":"http:\/\/pbs.twimg.com\/media\/Bpuc2IICEAAqsBj.jpg","media_url_https":"https:\/\/pbs.twimg.com\/media\/Bpuc2IICEAAqsBj.jpg","url":"http:\/\/t.co\/Tg0z8wgHiV","display_url":"pic.twitter.com\/Tg0z8wgHiV","expanded_url":"http:\/\/twitter.com\/Allisonholker\/status\/476146643545653248\/photo\/1","type":"photo","sizes":{"medium":{"w":600,"h":450,"resize":"fit"},"large":{"w":1024,"h":768,"resize":"fit"},"thumb":{"w":150,"h":150,"resize":"crop"},"small":{"w":340,"h":255,"resize":"fit"}},"source_status_id":476146643545653248,"source_status_id_str":"476146643545653248"}]},"favorited":false,"retweeted":false,"possibly_sensitive":false,"filter_level":"medium","lang":"en"}
{"created_at":"Wed Jun 11 07:46:00 +0000 2014","id":476631420073304064,"id_str":"476631420073304064","text":"RT @T4America: Curious what's happening with the House and the Senate's proposes to fund the #HTF? You can read about it here: http:\/\/t.co\/\u2026","source":"\u003ca href=\"http:\/\/twitter.com\/download\/iphone\" rel=\"nofollow\"\u003eTwitter for iPhone\u003c\/a\u003e","truncated":false,"in_reply_to_status_id":null,"in_reply_to_status_id_str":null,"in_reply_to_user_id":null,"in_reply_to_user_id_str":null,"in_reply_to_screen_name":null,"user":{"id":568370745,"id_str":"568370745","name":"Transportation CA","screen_name":"Transport_CA","location":"Sacramento, CA","url":"http:\/\/www.transportationca.com\/","description":"Transportation California works to increase funding for #transportation infrastructure in CA.","protected":false,"followers_count":2757,"friends_count":2917,"listed_count":83,"created_at":"Tue May 01 15:16:32 +0000 2012","favourites_count":5,"utc_offset":null,"time_zone":null,"geo_enabled":false,"verified":false,"statuses_count":1106,"lang":"en","contributors_enabled":false,"is_translator":false,"is_translation_enabled":false,"profile_background_color":"F5F2F5","profile_background_image_url":"http:\/\/pbs.twimg.com\/profile_background_images\/540907713\/transportation2.jpg","profile_background_image_url_https":"https:\/\/pbs.twimg.com\/profile_background_images\/540907713\/transportation2.jpg","profile_background_tile":false,"profile_image_url":"http:\/\/pbs.twimg.com\/profile_images\/2681361248\/370161b5a9114f8011e755f8c2d7259c_normal.png","profile_image_url_https":"https:\/\/pbs.twimg.com\/profile_images\/2681361248\/370161b5a9114f8011e755f8c2d7259c_normal.png","profile_banner_url":"https:\/\/pbs.twimg.com\/profile_banners\/568370745\/1354576710","profile_link_color":"B38000","profile_sidebar_border_color":"C0DEED","profile_sidebar_fill_color":"DDEEF6","profile_text_color":"333333","profile_use_background_image":true,"default_profile":false,"default_profile_image":false,"following":null,"follow_request_sent":null,"notifications":null},"geo":null,"coordinates":null,"place":null,"contributors":null,"retweeted_status":{"created_at":"Tue Jun 10 20:44:04 +0000 2014","id":476464839124983809,"id_str":"476464839124983809","text":"Curious what's happening with the House and the Senate's proposes to fund the #HTF? You can read about it here: http:\/\/t.co\/lV8g9gJmtM","source":"\u003ca href=\"https:\/\/about.twitter.com\/products\/tweetdeck\" rel=\"nofollow\"\u003eTweetDeck\u003c\/a\u003e","truncated":false,"in_reply_to_status_id":null,"in_reply_to_status_id_str":null,"in_reply_to_user_id":null,"in_reply_to_user_id_str":null,"in_reply_to_screen_name":null,"user":{"id":20087888,"id_str":"20087888","name":"Transport. 4 America","screen_name":"T4America","location":"Washington, DC","url":"http:\/\/bit.ly\/1pRvVhV","description":"An alliance of elected, business & civic leaders from across the country leading the way for smart transportation investments in our towns, cities and suburbs.","protected":false,"followers_count":13664,"friends_count":171,"listed_count":884,"created_at":"Wed Feb 04 20:15:59 +0000 2009","favourites_count":1,"utc_offset":-18000,"time_zone":"Central Time (US & Canada)","geo_enabled":false,"verified":false,"statuses_count":3994,"lang":"en","contributors_enabled":false,"is_translator":false,"is_translation_enabled":false,"profile_background_color":"336699","profile_background_image_url":"http:\/\/pbs.twimg.com\/profile_background_images\/8766030\/t4_bg.jpg","profile_background_image_url_https":"https:\/\/pbs.twimg.com\/profile_background_images\/8766030\/t4_bg.jpg","profile_background_tile":true,"profile_image_url":"http:\/\/pbs.twimg.com\/profile_images\/378800000762199234\/a083fc8a4116a39dc9092a48026a443b_normal.png","profile_image_url_https":"https:\/\/pbs.twimg.com\/profile_images\/378800000762199234\/a083fc8a4116a39dc9092a48026a443b_normal.png","profile_banner_url":"https:\/\/pbs.twimg.com\/profile_banners\/20087888\/1398385109","profile_link_color":"CC3333","profile_sidebar_border_color":"999999","profile_sidebar_fill_color":"FFFFFF","profile_text_color":"333333","profile_use_background_image":true,"default_profile":false,"default_profile_image":false,"following":null,"follow_request_sent":null,"notifications":null},"geo":null,"coordinates":null,"place":null,"contributors":null,"retweet_count":4,"favorite_count":1,"entities":{"hashtags":[{"text":"HTF","indices":[78,82]}],"symbols":[],"urls":[{"url":"http:\/\/t.co\/lV8g9gJmtM","expanded_url":"http:\/\/bit.ly\/1pgTTWu","display_url":"bit.ly\/1pgTTWu","indices":[112,134]}],"user_mentions":[]},"favorited":false,"retweeted":false,"possibly_sensitive":false,"lang":"en"},"retweet_count":0,"favorite_count":0,"entities":{"hashtags":[{"text":"HTF","indices":[93,97]}],"symbols":[],"urls":[{"url":"http:\/\/t.co\/lV8g9gJmtM","expanded_url":"http:\/\/bit.ly\/1pgTTWu","display_url":"bit.ly\/1pgTTWu","indices":[139,140]}],"user_mentions":[{"screen_name":"T4America","name":"Transport. 4 America","id":20087888,"id_str":"20087888","indices":[3,13]}]},"favorited":false,"retweeted":false,"possibly_sensitive":false,"filter_level":"medium","lang":"en"}
