{"created_at":"Thu Jun 12 08:36:29 +0000 2014","id":477006514146660352,"id_str":"477006514146660352","text":"@KendallJenner #kendalljenner \u2665 | via Tumblr http:\/\/t.co\/g6PbjNHHHd","source":"\u003ca href=\"http:\/\/weheartit.com\" rel=\"nofollow\"\u003eweheartit.com\u003c\/a\u003e","truncated":false,"in_reply_to_status_id":null,"in_reply_to_status_id_str":null,"in_reply_to_user_id":157140968,"in_reply_to_user_id_str":"157140968","in_reply_to_screen_name":"KendallJenner","user":{"id":1637633666,"id_str":"1637633666","name":"Audrey","screen_name":"Audrryxstyles_","location":"Sarawak,Malaysia","url":"http:\/\/Instgram.com\/_audreyxx_","description":"\u25c6seventeen\u25c6DirectionerBelieberMahomie\u25c65SecondsOfSummer\u25c6HarryStyles\u261cJustinBieber\u2661AustinMahone","protected":false,"followers_count":643,"friends_count":794,"listed_count":2,"created_at":"Thu Aug 01 10:06:16 +0000 2013","favourites_count":1479,"utc_offset":null,"time_zone":null,"geo_enabled":true,"verified":false,"statuses_count":2096,"lang":"en","contributors_enabled":false,"is_translator":false,"is_translation_enabled":false,"profile_background_color":"C0DEED","profile_background_image_url":"http:\/\/abs.twimg.com\/images\/themes\/theme1\/bg.png","profile_background_image_url_https":"https:\/\/abs.twimg.com\/images\/themes\/theme1\/bg.png","profile_background_tile":false,"profile_image_url":"http:\/\/pbs.twimg.com\/profile_images\/474408098715537410\/82kCa0Wc_normal.jpeg","profile_image_url_https":"https:\/\/pbs.twimg.com\/profile_images\/474408098715537410\/82kCa0Wc_normal.jpeg","profile_banner_url":"https:\/\/pbs.twimg.com\/profile_banners\/1637633666\/1401942570","profile_link_color":"0084B4","profile_sidebar_border_color":"C0DEED","profile_sidebar_fill_color":"DDEEF6","profile_text_color":"333333","profile_use_background_image":true,"default_profile":true,"default_profile_image":false,"following":null,"follow_request_sent":null,"notifications":null},"geo":null,"coordinates":null,"place":null,"contributors":null,"retweet_count":0,"favorite_count":0,"entities":{"hashtags":[{"text":"kendalljenner","indices":[15,29]}],"symbols":[],"urls":[{"url":"http:\/\/t.co\/g6PbjNHHHd","expanded_url":"http:\/\/weheartit.com\/link\/x6BDyz","display_url":"weheartit.com\/link\/x6BDyz","indices":[45,67]}],"user_mentions":[{"screen_name":"KendallJenner","name":"Kendall Jenner","id":157140968,"id_str":"157140968","indices":[0,14]}]},"favorited":false,"retweeted":false,"possibly_sensitive":false,"filter_level":"medium","lang":"et"}
{"created_at":"Thu Jun 12 11:01:36 +0000 2014","id":477043030890131456,"id_str":"477043030890131456","text":"RT @KrisJenner I just sharted myself. That's when u fart and u shit yourself on accident!\u200a","source":"\u003ca href=\"http:\/\/twitter.com\/starla4444\" rel=\"nofollow\"\u003eKris Jenner Sharting\u003c\/a\u003e","truncated":false,"in_reply_to_status_id":null,"in_reply_to_status_id_str":null,"in_reply_to_user_id":null,"in_reply_to_user_id_str":null,"in_reply_to_screen_name":null,"user":{"id":2446148371,"id_str":"2446148371","name":"Kris Jenner","screen_name":"KrisJennerShart","location":"The bathroom.","url":null,"description":"I take great pride in what I do.","protected":false,"followers_count":8,"friends_count":1,"listed_count":2,"created_at":"Tue Apr 15 22:29:44 +0000 2014","favourites_count":1,"utc_offset":null,"time_zone":null,"geo_enabled":false,"verified":false,"statuses_count":53949,"lang":"en","contributors_enabled":false,"is_translator":false,"is_translation_enabled":false,"profile_background_color":"C0DEED","profile_background_image_url":"http:\/\/abs.twimg.com\/images\/themes\/theme1\/bg.png","profile_background_image_url_https":"https:\/\/abs.twimg.com\/images\/themes\/theme1\/bg.png","profile_background_tile":false,"profile_image_url":"http:\/\/pbs.twimg.com\/profile_images\/456198316942839809\/SP-P0J9L_normal.jpeg","profile_image_url_https":"https:\/\/pbs.twimg.com\/profile_images\/456198316942839809\/SP-P0J9L_normal.jpeg","profile_banner_url":"https:\/\/pbs.twimg.com\/profile_banners\/2446148371\/1397614973","profile_link_color":"0084B4","profile_sidebar_border_color":"C0DEED","profile_sidebar_fill_color":"DDEEF6","profile_text_color":"333333","profile_use_background_image":true,"default_profile":true,"default_profile_image":false,"following":null,"follow_request_sent":null,"notifications":null},"geo":null,"coordinates":null,"place":null,"contributors":null,"retweet_count":0,"favorite_count":0,"entities":{"hashtags":[],"symbols":[],"urls":[],"user_mentions":[{"screen_name":"KrisJenner","name":"Kris Jenner","id":23613479,"id_str":"23613479","indices":[3,14]}]},"favorited":false,"retweeted":false,"filter_level":"medium","lang":"en"}
{"created_at":"Thu Jun 12 11:29:44 +0000 2014","id":477050112309735424,"id_str":"477050112309735424","text":"RT @KrisJenner I just sharted myself. That's when u fart and u shit yourself on accident!\u2007\u2009\u2006\u2003\u2002\u2005\u00a0\u2005\u00a0\u2008\u2006\u2002 \u2004\u2004\u2001\u2001\u2008\u2006\u2000\u2009\u200a\u2005\u00a0\u200a\u2001","source":"\u003ca href=\"http:\/\/twitter.com\/starla4444\" rel=\"nofollow\"\u003eKris Jenner Sharting\u003c\/a\u003e","truncated":false,"in_reply_to_status_id":null,"in_reply_to_status_id_str":null,"in_reply_to_user_id":null,"in_reply_to_user_id_str":null,"in_reply_to_screen_name":null,"user":{"id":2446148371,"id_str":"2446148371","name":"Kris Jenner","screen_name":"KrisJennerShart","location":"The bathroom.","url":null,"description":"I take great pride in what I do.","protected":false,"followers_count":8,"friends_count":1,"listed_count":2,"created_at":"Tue Apr 15 22:29:44 +0000 2014","favourites_count":1,"utc_offset":null,"time_zone":null,"geo_enabled":false,"verified":false,"statuses_count":53977,"lang":"en","contributors_enabled":false,"is_translator":false,"is_translation_enabled":false,"profile_background_color":"C0DEED","profile_background_image_url":"http:\/\/abs.twimg.com\/images\/themes\/theme1\/bg.png","profile_background_image_url_https":"https:\/\/abs.twimg.com\/images\/themes\/theme1\/bg.png","profile_background_tile":false,"profile_image_url":"http:\/\/pbs.twimg.com\/profile_images\/456198316942839809\/SP-P0J9L_normal.jpeg","profile_image_url_https":"https:\/\/pbs.twimg.com\/profile_images\/456198316942839809\/SP-P0J9L_normal.jpeg","profile_banner_url":"https:\/\/pbs.twimg.com\/profile_banners\/2446148371\/1397614973","profile_link_color":"0084B4","profile_sidebar_border_color":"C0DEED","profile_sidebar_fill_color":"DDEEF6","profile_text_color":"333333","profile_use_background_image":true,"default_profile":true,"default_profile_image":false,"following":null,"follow_request_sent":null,"notifications":null},"geo":null,"coordinates":null,"place":null,"contributors":null,"retweet_count":0,"favorite_count":0,"entities":{"hashtags":[],"symbols":[],"urls":[],"user_mentions":[{"screen_name":"KrisJenner","name":"Kris Jenner","id":23613479,"id_str":"23613479","indices":[3,14]}]},"favorited":false,"retweeted":false,"filter_level":"medium","lang":"en"}
{"created_at":"Thu Jun 12 12:31:09 +0000 2014","id":477065567724396544,"id_str":"477065567724396544","text":"@robkardashian your header pic is making me weak \ud83d\ude18\ud83d\ude2c","source":"\u003ca href=\"http:\/\/twitter.com\/download\/iphone\" rel=\"nofollow\"\u003eTwitter for iPhone\u003c\/a\u003e","truncated":false,"in_reply_to_status_id":null,"in_reply_to_status_id_str":null,"in_reply_to_user_id":27989078,"in_reply_to_user_id_str":"27989078","in_reply_to_screen_name":"robkardashian","user":{"id":51289672,"id_str":"51289672","name":"fancy.","screen_name":"tierrysk","location":"","url":"http:\/\/www.tierrysk.tumblr.com","description":"shuffle the deck i'll be the king in the pack.","protected":false,"followers_count":341,"friends_count":317,"listed_count":22,"created_at":"Sat Jun 27 00:31:39 +0000 2009","favourites_count":269,"utc_offset":3600,"time_zone":"London","geo_enabled":true,"verified":false,"statuses_count":1293,"lang":"en","contributors_enabled":false,"is_translator":false,"is_translation_enabled":false,"profile_background_color":"FCFCFC","profile_background_image_url":"http:\/\/pbs.twimg.com\/profile_background_images\/879901691\/b9d961884aeef9c74f7e9968fe26fc59.jpeg","profile_background_image_url_https":"https:\/\/pbs.twimg.com\/profile_background_images\/879901691\/b9d961884aeef9c74f7e9968fe26fc59.jpeg","profile_background_tile":false,"profile_image_url":"http:\/\/pbs.twimg.com\/profile_images\/469327706543648768\/YDtYE5jx_normal.jpeg","profile_image_url_https":"https:\/\/pbs.twimg.com\/profile_images\/469327706543648768\/YDtYE5jx_normal.jpeg","profile_banner_url":"https:\/\/pbs.twimg.com\/profile_banners\/51289672\/1402080056","profile_link_color":"C9BE62","profile_sidebar_border_color":"FFFFFF","profile_sidebar_fill_color":"FFF7CC","profile_text_color":"0C3E53","profile_use_background_image":false,"default_profile":false,"default_profile_image":false,"following":null,"follow_request_sent":null,"notifications":null},"geo":null,"coordinates":null,"place":null,"contributors":null,"retweet_count":0,"favorite_count":0,"entities":{"hashtags":[],"symbols":[],"urls":[],"user_mentions":[{"screen_name":"robkardashian","name":"ROBERT KARDASHIAN","id":27989078,"id_str":"27989078","indices":[0,14]}]},"favorited":false,"retweeted":false,"filter_level":"medium","lang":"en"}
{"created_at":"Thu Jun 12 11:01:49 +0000 2014","id":477043087496450048,"id_str":"477043087496450048","text":"RT @officialjaden: \u201c@KylieJenner: http:\/\/t.co\/14FVYjLMJX\u201d Okay I Love This Girl","source":"\u003ca href=\"http:\/\/twitter.com\/download\/iphone\" rel=\"nofollow\"\u003eTwitter for iPhone\u003c\/a\u003e","truncated":false,"in_reply_to_status_id":null,"in_reply_to_status_id_str":null,"in_reply_to_user_id":null,"in_reply_to_user_id_str":null,"in_reply_to_screen_name":null,"user":{"id":928259815,"id_str":"928259815","name":"dexter pipkins","screen_name":"jiminofro1","location":"pulaski,TN","url":"http:\/\/www.youtube.com\/user\/jiminofro1","description":"a goofy yet serious kid,dedicated musician,loves the ladies,and THE LEGEND OF HIP HOP!!!....also 21. :)","protected":false,"followers_count":1003,"friends_count":1919,"listed_count":4,"created_at":"Mon Nov 05 19:28:51 +0000 2012","favourites_count":165,"utc_offset":-18000,"time_zone":"Central Time (US & Canada)","geo_enabled":false,"verified":false,"statuses_count":786,"lang":"en","contributors_enabled":false,"is_translator":false,"is_translation_enabled":false,"profile_background_color":"642D8B","profile_background_image_url":"http:\/\/abs.twimg.com\/images\/themes\/theme10\/bg.gif","profile_background_image_url_https":"https:\/\/abs.twimg.com\/images\/themes\/theme10\/bg.gif","profile_background_tile":true,"profile_image_url":"http:\/\/pbs.twimg.com\/profile_images\/463906173293314048\/HJiACuIu_normal.jpeg","profile_image_url_https":"https:\/\/pbs.twimg.com\/profile_images\/463906173293314048\/HJiACuIu_normal.jpeg","profile_banner_url":"https:\/\/pbs.twimg.com\/profile_banners\/928259815\/1399438899","profile_link_color":"7B16AD","profile_sidebar_border_color":"65B0DA","profile_sidebar_fill_color":"7AC3EE","profile_text_color":"3D1957","profile_use_background_image":true,"default_profile":false,"default_profile_image":false,"following":null,"follow_request_sent":null,"notifications":null},"geo":null,"coordinates":null,"place":null,"contributors":null,"retweeted_status":{"created_at":"Mon Feb 03 15:40:19 +0000 2014","id":430365138030698496,"id_str":"430365138030698496","text":"\u201c@KylieJenner: http:\/\/t.co\/14FVYjLMJX\u201d Okay I Love This Girl","source":"\u003ca href=\"http:\/\/twitter.com\/download\/iphone\" rel=\"nofollow\"\u003eTwitter for iPhone\u003c\/a\u003e","truncated":false,"in_reply_to_status_id":430222133268975617,"in_reply_to_status_id_str":"430222133268975617","in_reply_to_user_id":236699098,"in_reply_to_user_id_str":"236699098","in_reply_to_screen_name":"KylieJenner","user":{"id":262794965,"id_str":"262794965","name":"Jaden Smith ","screen_name":"officialjaden","location":"","url":"http:\/\/www.jadensmith.com","description":"The CoolTape Vol. 1 Available Now. #MSFTSrep","protected":false,"followers_count":5161058,"friends_count":2,"listed_count":16899,"created_at":"Tue Mar 08 19:41:06 +0000 2011","favourites_count":11,"utc_offset":null,"time_zone":null,"geo_enabled":false,"verified":true,"statuses_count":2440,"lang":"en","contributors_enabled":false,"is_translator":false,"is_translation_enabled":true,"profile_background_color":"1A1B1F","profile_background_image_url":"http:\/\/pbs.twimg.com\/profile_background_images\/378800000123674119\/e3d07436c87796d1a09e8c6a9b948e40.jpeg","profile_background_image_url_https":"https:\/\/pbs.twimg.com\/profile_background_images\/378800000123674119\/e3d07436c87796d1a09e8c6a9b948e40.jpeg","profile_background_tile":false,"profile_image_url":"http:\/\/pbs.twimg.com\/profile_images\/429970299879051264\/RgwtXP0f_normal.jpeg","profile_image_url_https":"https:\/\/pbs.twimg.com\/profile_images\/429970299879051264\/RgwtXP0f_normal.jpeg","profile_link_color":"2FC2EF","profile_sidebar_border_color":"FFFFFF","profile_sidebar_fill_color":"DDEEF6","profile_text_color":"333333","profile_use_background_image":true,"default_profile":false,"default_profile_image":false,"following":null,"follow_request_sent":null,"notifications":null},"geo":null,"coordinates":null,"place":null,"contributors":null,"retweet_count":5967,"favorite_count":7691,"entities":{"hashtags":[],"symbols":[],"urls":[],"user_mentions":[{"screen_name":"KylieJenner","name":"Kylie Jenner","id":236699098,"id_str":"236699098","indices":[1,13]}],"media":[{"id":430222133159919616,"id_str":"430222133159919616","indices":[15,37],"media_url":"http:\/\/pbs.twimg.com\/media\/Bfh0wC2CAAAs2E1.jpg","media_url_https":"https:\/\/pbs.twimg.com\/media\/Bfh0wC2CAAAs2E1.jpg","url":"http:\/\/t.co\/14FVYjLMJX","display_url":"pic.twitter.com\/14FVYjLMJX","expanded_url":"http:\/\/twitter.com\/KylieJenner\/status\/430222133268975617\/photo\/1","type":"photo","sizes":{"small":{"w":340,"h":408,"resize":"fit"},"thumb":{"w":150,"h":150,"resize":"crop"},"large":{"w":501,"h":601,"resize":"fit"},"medium":{"w":501,"h":601,"resize":"fit"}},"source_status_id":430222133268975617,"source_status_id_str":"430222133268975617"}]},"favorited":false,"retweeted":false,"possibly_sensitive":false,"lang":"en"},"retweet_count":0,"favorite_count":0,"entities":{"hashtags":[],"symbols":[],"urls":[],"user_mentions":[{"screen_name":"officialjaden","name":"Jaden Smith ","id":262794965,"id_str":"262794965","indices":[3,17]},{"screen_name":"KylieJenner","name":"Kylie Jenner","id":236699098,"id_str":"236699098","indices":[20,32]}],"media":[{"id":430222133159919616,"id_str":"430222133159919616","indices":[34,56],"media_url":"http:\/\/pbs.twimg.com\/media\/Bfh0wC2CAAAs2E1.jpg","media_url_https":"https:\/\/pbs.twimg.com\/media\/Bfh0wC2CAAAs2E1.jpg","url":"http:\/\/t.co\/14FVYjLMJX","display_url":"pic.twitter.com\/14FVYjLMJX","expanded_url":"http:\/\/twitter.com\/KylieJenner\/status\/430222133268975617\/photo\/1","type":"photo","sizes":{"small":{"w":340,"h":408,"resize":"fit"},"thumb":{"w":150,"h":150,"resize":"crop"},"large":{"w":501,"h":601,"resize":"fit"},"medium":{"w":501,"h":601,"resize":"fit"}},"source_status_id":430222133268975617,"source_status_id_str":"430222133268975617"}]},"favorited":false,"retweeted":false,"possibly_sensitive":false,"filter_level":"medium","lang":"en"}
{"created_at":"Thu Jun 12 12:12:51 +0000 2014","id":477060963813052416,"id_str":"477060963813052416","text":"@AlishMurphy @KimKardashian I'm the same! If you ain't got nothin good to say girl don't say nothing at all \ud83d\udc81 your a hater \ud83d\ude45 I'm a lover \ud83d\ude4b\ud83d\ude02","source":"\u003ca href=\"http:\/\/twitter.com\/download\/iphone\" rel=\"nofollow\"\u003eTwitter for iPhone\u003c\/a\u003e","truncated":false,"in_reply_to_status_id":477060184813371392,"in_reply_to_status_id_str":"477060184813371392","in_reply_to_user_id":42731603,"in_reply_to_user_id_str":"42731603","in_reply_to_screen_name":"AlishMurphy","user":{"id":42726001,"id_str":"42726001","name":"Steph Lynch","screen_name":"stephlynch","location":"Liverpool","url":null,"description":"Events. \u2728 \nExplorer. \u2708\ufe0f","protected":false,"followers_count":421,"friends_count":375,"listed_count":1,"created_at":"Tue May 26 21:28:56 +0000 2009","favourites_count":1004,"utc_offset":3600,"time_zone":"London","geo_enabled":true,"verified":false,"statuses_count":4544,"lang":"en","contributors_enabled":false,"is_translator":false,"is_translation_enabled":false,"profile_background_color":"FFFFFF","profile_background_image_url":"http:\/\/pbs.twimg.com\/profile_background_images\/378800000082503221\/30b2514c0fb8742721fc387551b12954.png","profile_background_image_url_https":"https:\/\/pbs.twimg.com\/profile_background_images\/378800000082503221\/30b2514c0fb8742721fc387551b12954.png","profile_background_tile":true,"profile_image_url":"http:\/\/pbs.twimg.com\/profile_images\/438852244281495552\/OZuzhnEN_normal.jpeg","profile_image_url_https":"https:\/\/pbs.twimg.com\/profile_images\/438852244281495552\/OZuzhnEN_normal.jpeg","profile_banner_url":"https:\/\/pbs.twimg.com\/profile_banners\/42726001\/1372871296","profile_link_color":"A8DEF7","profile_sidebar_border_color":"FFFFFF","profile_sidebar_fill_color":"FFFFFF","profile_text_color":"000000","profile_use_background_image":true,"default_profile":false,"default_profile_image":false,"following":null,"follow_request_sent":null,"notifications":null},"geo":null,"coordinates":null,"place":null,"contributors":null,"retweet_count":0,"favorite_count":0,"entities":{"hashtags":[],"symbols":[],"urls":[],"user_mentions":[{"screen_name":"AlishMurphy","name":"Alish Murphy","id":42731603,"id_str":"42731603","indices":[0,12]},{"screen_name":"KimKardashian","name":"Kim Kardashian West","id":25365536,"id_str":"25365536","indices":[13,27]}]},"favorited":false,"retweeted":false,"filter_level":"medium","lang":"en"}
{"created_at":"Thu Jun 12 09:09:01 +0000 2014","id":477014700723830784,"id_str":"477014700723830784","text":"RT @KrisJenner I just sharted myself. That's when u fart and u shit yourself on accident!\u2007\u200b\u2004\u2005\u200b\u200b\u2002\u2000\u2003\u2003\u2006\u2000\u2007\u2002 \u2002\u2001\u2006 \u2001\u2000\u200b\u2009\u2006\u200b\u2009\u200b\u2007\u2006\u2006  \u2009\u2004\u2009\u2004\u2004\u2002\u2005\u2006\u2009 \u2008","source":"\u003ca href=\"http:\/\/twitter.com\/starla4444\" rel=\"nofollow\"\u003eKris Jenner Sharting\u003c\/a\u003e","truncated":false,"in_reply_to_status_id":null,"in_reply_to_status_id_str":null,"in_reply_to_user_id":null,"in_reply_to_user_id_str":null,"in_reply_to_screen_name":null,"user":{"id":2446148371,"id_str":"2446148371","name":"Kris Jenner","screen_name":"KrisJennerShart","location":"The bathroom.","url":null,"description":"I take great pride in what I do.","protected":false,"followers_count":8,"friends_count":1,"listed_count":2,"created_at":"Tue Apr 15 22:29:44 +0000 2014","favourites_count":1,"utc_offset":null,"time_zone":null,"geo_enabled":false,"verified":false,"statuses_count":53836,"lang":"en","contributors_enabled":false,"is_translator":false,"is_translation_enabled":false,"profile_background_color":"C0DEED","profile_background_image_url":"http:\/\/abs.twimg.com\/images\/themes\/theme1\/bg.png","profile_background_image_url_https":"https:\/\/abs.twimg.com\/images\/themes\/theme1\/bg.png","profile_background_tile":false,"profile_image_url":"http:\/\/pbs.twimg.com\/profile_images\/456198316942839809\/SP-P0J9L_normal.jpeg","profile_image_url_https":"https:\/\/pbs.twimg.com\/profile_images\/456198316942839809\/SP-P0J9L_normal.jpeg","profile_banner_url":"https:\/\/pbs.twimg.com\/profile_banners\/2446148371\/1397614973","profile_link_color":"0084B4","profile_sidebar_border_color":"C0DEED","profile_sidebar_fill_color":"DDEEF6","profile_text_color":"333333","profile_use_background_image":true,"default_profile":true,"default_profile_image":false,"following":null,"follow_request_sent":null,"notifications":null},"geo":null,"coordinates":null,"place":null,"contributors":null,"retweet_count":0,"favorite_count":0,"entities":{"hashtags":[],"symbols":[],"urls":[],"user_mentions":[{"screen_name":"KrisJenner","name":"Kris Jenner","id":23613479,"id_str":"23613479","indices":[3,14]}]},"favorited":false,"retweeted":false,"filter_level":"medium","lang":"en"}
{"created_at":"Thu Jun 12 12:12:58 +0000 2014","id":477060990321049601,"id_str":"477060990321049601","text":"RT @KrisJenner I just sharted myself. That's when u fart and u shit yourself on accident!\u2007 \u2009\u2001\u2005\u2003\u2001\u2001\u2007\u2006\u2004\u00a0\u2004\u2008\u2004\u2001\u2000","source":"\u003ca href=\"http:\/\/twitter.com\/starla4444\" rel=\"nofollow\"\u003eKris Jenner Sharting\u003c\/a\u003e","truncated":false,"in_reply_to_status_id":null,"in_reply_to_status_id_str":null,"in_reply_to_user_id":null,"in_reply_to_user_id_str":null,"in_reply_to_screen_name":null,"user":{"id":2446148371,"id_str":"2446148371","name":"Kris Jenner","screen_name":"KrisJennerShart","location":"The bathroom.","url":null,"description":"I take great pride in what I do.","protected":false,"followers_count":8,"friends_count":1,"listed_count":2,"created_at":"Tue Apr 15 22:29:44 +0000 2014","favourites_count":1,"utc_offset":null,"time_zone":null,"geo_enabled":false,"verified":false,"statuses_count":54020,"lang":"en","contributors_enabled":false,"is_translator":false,"is_translation_enabled":false,"profile_background_color":"C0DEED","profile_background_image_url":"http:\/\/abs.twimg.com\/images\/themes\/theme1\/bg.png","profile_background_image_url_https":"https:\/\/abs.twimg.com\/images\/themes\/theme1\/bg.png","profile_background_tile":false,"profile_image_url":"http:\/\/pbs.twimg.com\/profile_images\/456198316942839809\/SP-P0J9L_normal.jpeg","profile_image_url_https":"https:\/\/pbs.twimg.com\/profile_images\/456198316942839809\/SP-P0J9L_normal.jpeg","profile_banner_url":"https:\/\/pbs.twimg.com\/profile_banners\/2446148371\/1397614973","profile_link_color":"0084B4","profile_sidebar_border_color":"C0DEED","profile_sidebar_fill_color":"DDEEF6","profile_text_color":"333333","profile_use_background_image":true,"default_profile":true,"default_profile_image":false,"following":null,"follow_request_sent":null,"notifications":null},"geo":null,"coordinates":null,"place":null,"contributors":null,"retweet_count":0,"favorite_count":0,"entities":{"hashtags":[],"symbols":[],"urls":[],"user_mentions":[{"screen_name":"KrisJenner","name":"Kris Jenner","id":23613479,"id_str":"23613479","indices":[3,14]}]},"favorited":false,"retweeted":false,"filter_level":"medium","lang":"en"}
{"created_at":"Thu Jun 12 08:52:56 +0000 2014","id":477010653501476864,"id_str":"477010653501476864","text":"RT @KrisJenner I just sharted myself. That's when u fart and u shit yourself on accident!\u00a0\u2004\u2000\u00a0\u200b\u200b   \u2003\u00a0\u200b\u2004\u2001","source":"\u003ca href=\"http:\/\/twitter.com\/starla4444\" rel=\"nofollow\"\u003eKris Jenner Sharting\u003c\/a\u003e","truncated":false,"in_reply_to_status_id":null,"in_reply_to_status_id_str":null,"in_reply_to_user_id":null,"in_reply_to_user_id_str":null,"in_reply_to_screen_name":null,"user":{"id":2446148371,"id_str":"2446148371","name":"Kris Jenner","screen_name":"KrisJennerShart","location":"The bathroom.","url":null,"description":"I take great pride in what I do.","protected":false,"followers_count":8,"friends_count":1,"listed_count":2,"created_at":"Tue Apr 15 22:29:44 +0000 2014","favourites_count":1,"utc_offset":null,"time_zone":null,"geo_enabled":false,"verified":false,"statuses_count":53820,"lang":"en","contributors_enabled":false,"is_translator":false,"is_translation_enabled":false,"profile_background_color":"C0DEED","profile_background_image_url":"http:\/\/abs.twimg.com\/images\/themes\/theme1\/bg.png","profile_background_image_url_https":"https:\/\/abs.twimg.com\/images\/themes\/theme1\/bg.png","profile_background_tile":false,"profile_image_url":"http:\/\/pbs.twimg.com\/profile_images\/456198316942839809\/SP-P0J9L_normal.jpeg","profile_image_url_https":"https:\/\/pbs.twimg.com\/profile_images\/456198316942839809\/SP-P0J9L_normal.jpeg","profile_banner_url":"https:\/\/pbs.twimg.com\/profile_banners\/2446148371\/1397614973","profile_link_color":"0084B4","profile_sidebar_border_color":"C0DEED","profile_sidebar_fill_color":"DDEEF6","profile_text_color":"333333","profile_use_background_image":true,"default_profile":true,"default_profile_image":false,"following":null,"follow_request_sent":null,"notifications":null},"geo":null,"coordinates":null,"place":null,"contributors":null,"retweet_count":0,"favorite_count":0,"entities":{"hashtags":[],"symbols":[],"urls":[],"user_mentions":[{"screen_name":"KrisJenner","name":"Kris Jenner","id":23613479,"id_str":"23613479","indices":[3,14]}]},"favorited":false,"retweeted":false,"filter_level":"medium","lang":"en"}
{"created_at":"Thu Jun 12 11:30:08 +0000 2014","id":477050211173679104,"id_str":"477050211173679104","text":"My  \"Rebels City of Indra\" by @KendallJenner @KylieJenner has been dispatched. Let's hope it gets here before I go away on Hols \ud83d\ude04","source":"\u003ca href=\"http:\/\/twitter.com\/download\/iphone\" rel=\"nofollow\"\u003eTwitter for iPhone\u003c\/a\u003e","truncated":false,"in_reply_to_status_id":null,"in_reply_to_status_id_str":null,"in_reply_to_user_id":null,"in_reply_to_user_id_str":null,"in_reply_to_screen_name":null,"user":{"id":23339866,"id_str":"23339866","name":"Gill.i.an Flynn \u221e","screen_name":"Gillerz","location":"NYC Babyyy","url":null,"description":"Fashion Student.. Irish .\nTraveling the world one step at a time...\nMy Tumblr Follow :) \nhttp:\/\/gillianflynn.tumblr.com\/\n\u2600 \u270c \u221e \u270c .\u265b \u266b  \u2708\ufe0f","protected":false,"followers_count":312,"friends_count":1367,"listed_count":5,"created_at":"Sun Mar 08 18:58:08 +0000 2009","favourites_count":324,"utc_offset":null,"time_zone":null,"geo_enabled":false,"verified":false,"statuses_count":25682,"lang":"en","contributors_enabled":false,"is_translator":false,"is_translation_enabled":false,"profile_background_color":"ACDED6","profile_background_image_url":"http:\/\/pbs.twimg.com\/profile_background_images\/459718634676289536\/Mvuc5W7g.jpeg","profile_background_image_url_https":"https:\/\/pbs.twimg.com\/profile_background_images\/459718634676289536\/Mvuc5W7g.jpeg","profile_background_tile":true,"profile_image_url":"http:\/\/pbs.twimg.com\/profile_images\/464164352010895360\/nvwxpqMT_normal.jpeg","profile_image_url_https":"https:\/\/pbs.twimg.com\/profile_images\/464164352010895360\/nvwxpqMT_normal.jpeg","profile_banner_url":"https:\/\/pbs.twimg.com\/profile_banners\/23339866\/1402335069","profile_link_color":"0F07EB","profile_sidebar_border_color":"FFFFFF","profile_sidebar_fill_color":"291C0D","profile_text_color":"53AB8D","profile_use_background_image":true,"default_profile":false,"default_profile_image":false,"following":null,"follow_request_sent":null,"notifications":null},"geo":null,"coordinates":null,"place":null,"contributors":null,"retweet_count":0,"favorite_count":0,"entities":{"hashtags":[],"symbols":[],"urls":[],"user_mentions":[{"screen_name":"KendallJenner","name":"Kendall Jenner","id":157140968,"id_str":"157140968","indices":[30,44]},{"screen_name":"KylieJenner","name":"Kylie Jenner","id":236699098,"id_str":"236699098","indices":[45,57]}]},"favorited":false,"retweeted":false,"filter_level":"medium","lang":"en"}
{"created_at":"Thu Jun 12 08:53:02 +0000 2014","id":477010675395330048,"id_str":"477010675395330048","text":"\u0639\u0646\u062f\u062c \u0633\u0644\u0641 \u0628\u064a\u0628\u064a \u061f \u263a\ufe0f\n\n@KimKardashian\n\n\u0641\u0644\u0648\u0633 \u062d\u0644\u0627\u0644 \u0637\u0628\u0639\u0627\u064b \ud83d\ude02","source":"\u003ca href=\"http:\/\/tapbots.com\/tweetbot\" rel=\"nofollow\"\u003eTweetbot for i\u039fS\u003c\/a\u003e","truncated":false,"in_reply_to_status_id":null,"in_reply_to_status_id_str":null,"in_reply_to_user_id":null,"in_reply_to_user_id_str":null,"in_reply_to_screen_name":null,"user":{"id":2293972482,"id_str":"2293972482","name":"\u062e\u0631\u064a\u062c \u0627\u0644\u0627 6 \u0627\u0645\u062a\u062d\u0627\u0646\u0627\u062a","screen_name":"NassrMutairi","location":"\u0627\u0644\u0643\u0648\u064a\u062a - \u0627\u0634\u0628\u064a\u0644\u064a\u0647 \u0627\u0644\u0639\u0631\u064a\u0642\u0647 \u270c\ufe0f","url":"http:\/\/ask.fm\/MrNassr","description":"\u0645\u062a\u062e\u0631\u062c \u0644\u0627 \u062a\u0643\u0644\u0645\u0646\u064a \u270c\n Insta: Sir_Nasser Manchester United \u2764\ufe0f","protected":false,"followers_count":1663,"friends_count":180,"listed_count":3,"created_at":"Thu Jan 16 06:36:16 +0000 2014","favourites_count":64,"utc_offset":null,"time_zone":null,"geo_enabled":false,"verified":false,"statuses_count":16608,"lang":"ar","contributors_enabled":false,"is_translator":false,"is_translation_enabled":false,"profile_background_color":"C0DEED","profile_background_image_url":"http:\/\/abs.twimg.com\/images\/themes\/theme1\/bg.png","profile_background_image_url_https":"https:\/\/abs.twimg.com\/images\/themes\/theme1\/bg.png","profile_background_tile":false,"profile_image_url":"http:\/\/pbs.twimg.com\/profile_images\/473660173966258176\/bj6o_d_j_normal.jpeg","profile_image_url_https":"https:\/\/pbs.twimg.com\/profile_images\/473660173966258176\/bj6o_d_j_normal.jpeg","profile_banner_url":"https:\/\/pbs.twimg.com\/profile_banners\/2293972482\/1402199181","profile_link_color":"0084B4","profile_sidebar_border_color":"C0DEED","profile_sidebar_fill_color":"DDEEF6","profile_text_color":"333333","profile_use_background_image":true,"default_profile":true,"default_profile_image":false,"following":null,"follow_request_sent":null,"notifications":null},"geo":null,"coordinates":null,"place":null,"contributors":null,"retweet_count":0,"favorite_count":0,"entities":{"hashtags":[],"symbols":[],"urls":[],"user_mentions":[{"screen_name":"KimKardashian","name":"Kim Kardashian West","id":25365536,"id_str":"25365536","indices":[20,34]}]},"favorited":false,"retweeted":false,"filter_level":"medium","lang":"ar"}
{"created_at":"Thu Jun 12 09:30:08 +0000 2014","id":477020012344262656,"id_str":"477020012344262656","text":"RT @KrisJenner I just sharted myself. That's when u fart and u shit yourself on accident!\u2002\u2002\u2009\u2006","source":"\u003ca href=\"http:\/\/twitter.com\/starla4444\" rel=\"nofollow\"\u003eKris Jenner Sharting\u003c\/a\u003e","truncated":false,"in_reply_to_status_id":null,"in_reply_to_status_id_str":null,"in_reply_to_user_id":null,"in_reply_to_user_id_str":null,"in_reply_to_screen_name":null,"user":{"id":2446148371,"id_str":"2446148371","name":"Kris Jenner","screen_name":"KrisJennerShart","location":"The bathroom.","url":null,"description":"I take great pride in what I do.","protected":false,"followers_count":8,"friends_count":1,"listed_count":2,"created_at":"Tue Apr 15 22:29:44 +0000 2014","favourites_count":1,"utc_offset":null,"time_zone":null,"geo_enabled":false,"verified":false,"statuses_count":53857,"lang":"en","contributors_enabled":false,"is_translator":false,"is_translation_enabled":false,"profile_background_color":"C0DEED","profile_background_image_url":"http:\/\/abs.twimg.com\/images\/themes\/theme1\/bg.png","profile_background_image_url_https":"https:\/\/abs.twimg.com\/images\/themes\/theme1\/bg.png","profile_background_tile":false,"profile_image_url":"http:\/\/pbs.twimg.com\/profile_images\/456198316942839809\/SP-P0J9L_normal.jpeg","profile_image_url_https":"https:\/\/pbs.twimg.com\/profile_images\/456198316942839809\/SP-P0J9L_normal.jpeg","profile_banner_url":"https:\/\/pbs.twimg.com\/profile_banners\/2446148371\/1397614973","profile_link_color":"0084B4","profile_sidebar_border_color":"C0DEED","profile_sidebar_fill_color":"DDEEF6","profile_text_color":"333333","profile_use_background_image":true,"default_profile":true,"default_profile_image":false,"following":null,"follow_request_sent":null,"notifications":null},"geo":null,"coordinates":null,"place":null,"contributors":null,"retweet_count":0,"favorite_count":0,"entities":{"hashtags":[],"symbols":[],"urls":[],"user_mentions":[{"screen_name":"KrisJenner","name":"Kris Jenner","id":23613479,"id_str":"23613479","indices":[3,14]}]},"favorited":false,"retweeted":false,"filter_level":"medium","lang":"en"}
{"created_at":"Thu Jun 12 12:31:20 +0000 2014","id":477065616051146752,"id_str":"477065616051146752","text":"@KylieJenner I love you so much babe \ud83d\udc95","source":"\u003ca href=\"http:\/\/twitter.com\/download\/iphone\" rel=\"nofollow\"\u003eTwitter for iPhone\u003c\/a\u003e","truncated":false,"in_reply_to_status_id":null,"in_reply_to_status_id_str":null,"in_reply_to_user_id":236699098,"in_reply_to_user_id_str":"236699098","in_reply_to_screen_name":"KylieJenner","user":{"id":1186523172,"id_str":"1186523172","name":"Kylie Jenner","screen_name":"KylieJennery","location":"","url":null,"description":null,"protected":false,"followers_count":13,"friends_count":34,"listed_count":0,"created_at":"Sat Feb 16 15:14:58 +0000 2013","favourites_count":58,"utc_offset":null,"time_zone":null,"geo_enabled":false,"verified":false,"statuses_count":90,"lang":"en","contributors_enabled":false,"is_translator":false,"is_translation_enabled":false,"profile_background_color":"C0DEED","profile_background_image_url":"http:\/\/abs.twimg.com\/images\/themes\/theme1\/bg.png","profile_background_image_url_https":"https:\/\/abs.twimg.com\/images\/themes\/theme1\/bg.png","profile_background_tile":false,"profile_image_url":"http:\/\/pbs.twimg.com\/profile_images\/444808566541914112\/hEsrpDOV_normal.jpeg","profile_image_url_https":"https:\/\/pbs.twimg.com\/profile_images\/444808566541914112\/hEsrpDOV_normal.jpeg","profile_link_color":"0084B4","profile_sidebar_border_color":"C0DEED","profile_sidebar_fill_color":"DDEEF6","profile_text_color":"333333","profile_use_background_image":true,"default_profile":true,"default_profile_image":false,"following":null,"follow_request_sent":null,"notifications":null},"geo":null,"coordinates":null,"place":null,"contributors":null,"retweet_count":0,"favorite_count":0,"entities":{"hashtags":[],"symbols":[],"urls":[],"user_mentions":[{"screen_name":"KylieJenner","name":"Kylie Jenner","id":236699098,"id_str":"236699098","indices":[0,12]}]},"favorited":false,"retweeted":false,"filter_level":"medium","lang":"en"}
{"created_at":"Thu Jun 12 08:36:52 +0000 2014","id":477006606501441538,"id_str":"477006606501441538","text":"RT @KrisJenner I just sharted myself. That's when u fart and u shit yourself on accident!\u2008\u2003","source":"\u003ca href=\"http:\/\/twitter.com\/starla4444\" rel=\"nofollow\"\u003eKris Jenner Sharting\u003c\/a\u003e","truncated":false,"in_reply_to_status_id":null,"in_reply_to_status_id_str":null,"in_reply_to_user_id":null,"in_reply_to_user_id_str":null,"in_reply_to_screen_name":null,"user":{"id":2446148371,"id_str":"2446148371","name":"Kris Jenner","screen_name":"KrisJennerShart","location":"The bathroom.","url":null,"description":"I take great pride in what I do.","protected":false,"followers_count":8,"friends_count":1,"listed_count":2,"created_at":"Tue Apr 15 22:29:44 +0000 2014","favourites_count":1,"utc_offset":null,"time_zone":null,"geo_enabled":false,"verified":false,"statuses_count":53804,"lang":"en","contributors_enabled":false,"is_translator":false,"is_translation_enabled":false,"profile_background_color":"C0DEED","profile_background_image_url":"http:\/\/abs.twimg.com\/images\/themes\/theme1\/bg.png","profile_background_image_url_https":"https:\/\/abs.twimg.com\/images\/themes\/theme1\/bg.png","profile_background_tile":false,"profile_image_url":"http:\/\/pbs.twimg.com\/profile_images\/456198316942839809\/SP-P0J9L_normal.jpeg","profile_image_url_https":"https:\/\/pbs.twimg.com\/profile_images\/456198316942839809\/SP-P0J9L_normal.jpeg","profile_banner_url":"https:\/\/pbs.twimg.com\/profile_banners\/2446148371\/1397614973","profile_link_color":"0084B4","profile_sidebar_border_color":"C0DEED","profile_sidebar_fill_color":"DDEEF6","profile_text_color":"333333","profile_use_background_image":true,"default_profile":true,"default_profile_image":false,"following":null,"follow_request_sent":null,"notifications":null},"geo":null,"coordinates":null,"place":null,"contributors":null,"retweet_count":0,"favorite_count":0,"entities":{"hashtags":[],"symbols":[],"urls":[],"user_mentions":[{"screen_name":"KrisJenner","name":"Kris Jenner","id":23613479,"id_str":"23613479","indices":[3,14]}]},"favorited":false,"retweeted":false,"filter_level":"medium","lang":"en"}
{"created_at":"Thu Jun 12 09:30:17 +0000 2014","id":477020050109792256,"id_str":"477020050109792256","text":"@KylieJenner still waiting on the day when I log in and scream my lungs out seeing you on my followers list \ud83d\ude2d","source":"\u003ca href=\"http:\/\/twitter.com\" rel=\"nofollow\"\u003eTwitter Web Client\u003c\/a\u003e","truncated":false,"in_reply_to_status_id":null,"in_reply_to_status_id_str":null,"in_reply_to_user_id":236699098,"in_reply_to_user_id_str":"236699098","in_reply_to_screen_name":"KylieJenner","user":{"id":1519719906,"id_str":"1519719906","name":"TYSM Rita ","screen_name":"Ariana_Austin1","location":"Germany","url":"https:\/\/twitter.com\/AustinMahone\/status\/446700993011802112","description":"My Life \u2665 My choices  \u2665 My Mistakes  \u2665 My Lessons                   \u2665--- NOT YOUR BUSINESS \u2665  -- @ritaora followed me 12.06.14 ---( in many fandoms)","protected":false,"followers_count":12321,"friends_count":960,"listed_count":28,"created_at":"Sat Jun 15 15:54:05 +0000 2013","favourites_count":9750,"utc_offset":10800,"time_zone":"Athens","geo_enabled":false,"verified":false,"statuses_count":81570,"lang":"en","contributors_enabled":false,"is_translator":false,"is_translation_enabled":false,"profile_background_color":"022330","profile_background_image_url":"http:\/\/pbs.twimg.com\/profile_background_images\/454674630897192960\/nUmlgay7.jpeg","profile_background_image_url_https":"https:\/\/pbs.twimg.com\/profile_background_images\/454674630897192960\/nUmlgay7.jpeg","profile_background_tile":true,"profile_image_url":"http:\/\/pbs.twimg.com\/profile_images\/476839954115334144\/q3zC-HwB_normal.jpeg","profile_image_url_https":"https:\/\/pbs.twimg.com\/profile_images\/476839954115334144\/q3zC-HwB_normal.jpeg","profile_banner_url":"https:\/\/pbs.twimg.com\/profile_banners\/1519719906\/1402536495","profile_link_color":"0084B4","profile_sidebar_border_color":"FFFFFF","profile_sidebar_fill_color":"DAECF4","profile_text_color":"663B12","profile_use_background_image":true,"default_profile":false,"default_profile_image":false,"following":null,"follow_request_sent":null,"notifications":null},"geo":null,"coordinates":null,"place":null,"contributors":null,"retweet_count":0,"favorite_count":0,"entities":{"hashtags":[],"symbols":[],"urls":[],"user_mentions":[{"screen_name":"KylieJenner","name":"Kylie Jenner","id":236699098,"id_str":"236699098","indices":[0,12]}]},"favorited":false,"retweeted":false,"filter_level":"medium","lang":"en"}
{"created_at":"Thu Jun 12 10:09:17 +0000 2014","id":477029863782502401,"id_str":"477029863782502401","text":"RT @ZoeGordonn: Got the cutest text from @KylieJenner today! Going to miss her this year at school\ud83d\ude1e #zyliefoevaaa","source":"\u003ca href=\"http:\/\/twitter.com\/download\/iphone\" rel=\"nofollow\"\u003eTwitter for iPhone\u003c\/a\u003e","truncated":false,"in_reply_to_status_id":null,"in_reply_to_status_id_str":null,"in_reply_to_user_id":null,"in_reply_to_user_id_str":null,"in_reply_to_screen_name":null,"user":{"id":344555020,"id_str":"344555020","name":"Kylie \u2661","screen_name":"thegeorgia22","location":"","url":null,"description":"Kylie & Khloe, are my heroes! My idols, my absolute everything! They are my life. Kylie & Stas follow. 1\/6","protected":false,"followers_count":1749,"friends_count":256,"listed_count":2,"created_at":"Fri Jul 29 07:06:56 +0000 2011","favourites_count":1518,"utc_offset":43200,"time_zone":"Wellington","geo_enabled":true,"verified":false,"statuses_count":9172,"lang":"en","contributors_enabled":false,"is_translator":false,"is_translation_enabled":false,"profile_background_color":"000000","profile_background_image_url":"http:\/\/pbs.twimg.com\/profile_background_images\/378800000170128603\/y-GgcVg_.png","profile_background_image_url_https":"https:\/\/pbs.twimg.com\/profile_background_images\/378800000170128603\/y-GgcVg_.png","profile_background_tile":true,"profile_image_url":"http:\/\/pbs.twimg.com\/profile_images\/476642729984659457\/VkLju6P5_normal.jpeg","profile_image_url_https":"https:\/\/pbs.twimg.com\/profile_images\/476642729984659457\/VkLju6P5_normal.jpeg","profile_banner_url":"https:\/\/pbs.twimg.com\/profile_banners\/344555020\/1402388596","profile_link_color":"FF1414","profile_sidebar_border_color":"000000","profile_sidebar_fill_color":"DDEEF6","profile_text_color":"333333","profile_use_background_image":true,"default_profile":false,"default_profile_image":false,"following":null,"follow_request_sent":null,"notifications":null},"geo":null,"coordinates":null,"place":null,"contributors":null,"retweeted_status":{"created_at":"Thu Aug 23 23:01:45 +0000 2012","id":238773049594355713,"id_str":"238773049594355713","text":"Got the cutest text from @KylieJenner today! Going to miss her this year at school\ud83d\ude1e #zyliefoevaaa","source":"\u003ca href=\"http:\/\/twitter.com\/download\/iphone\" rel=\"nofollow\"\u003eTwitter for iPhone\u003c\/a\u003e","truncated":false,"in_reply_to_status_id":null,"in_reply_to_status_id_str":null,"in_reply_to_user_id":null,"in_reply_to_user_id_str":null,"in_reply_to_screen_name":null,"user":{"id":261573687,"id_str":"261573687","name":"ZoMoney$","screen_name":"ZoeGordonn","location":"City of Angels","url":null,"description":"||Curious minds wonder alike|| \n\nBusiness Email: zoeelaynagordon@gmail.com","protected":false,"followers_count":26662,"friends_count":274,"listed_count":50,"created_at":"Sun Mar 06 06:45:03 +0000 2011","favourites_count":3513,"utc_offset":-28800,"time_zone":"Alaska","geo_enabled":false,"verified":false,"statuses_count":6738,"lang":"en","contributors_enabled":false,"is_translator":false,"is_translation_enabled":false,"profile_background_color":"FFDEFF","profile_background_image_url":"http:\/\/pbs.twimg.com\/profile_background_images\/378800000164420559\/9lrNvmai.jpeg","profile_background_image_url_https":"https:\/\/pbs.twimg.com\/profile_background_images\/378800000164420559\/9lrNvmai.jpeg","profile_background_tile":true,"profile_image_url":"http:\/\/pbs.twimg.com\/profile_images\/475169594403848192\/tkZopqtQ_normal.jpeg","profile_image_url_https":"https:\/\/pbs.twimg.com\/profile_images\/475169594403848192\/tkZopqtQ_normal.jpeg","profile_banner_url":"https:\/\/pbs.twimg.com\/profile_banners\/261573687\/1402362217","profile_link_color":"9A0EEB","profile_sidebar_border_color":"000000","profile_sidebar_fill_color":"292929","profile_text_color":"8C5786","profile_use_background_image":true,"default_profile":false,"default_profile_image":false,"following":null,"follow_request_sent":null,"notifications":null},"geo":null,"coordinates":null,"place":null,"contributors":null,"retweet_count":60,"favorite_count":55,"entities":{"hashtags":[{"text":"zyliefoevaaa","indices":[84,97]}],"symbols":[],"urls":[],"user_mentions":[{"screen_name":"KylieJenner","name":"Kylie Jenner","id":236699098,"id_str":"236699098","indices":[25,37]}]},"favorited":false,"retweeted":false,"lang":"en"},"retweet_count":0,"favorite_count":0,"entities":{"hashtags":[{"text":"zyliefoevaaa","indices":[100,113]}],"symbols":[],"urls":[],"user_mentions":[{"screen_name":"ZoeGordonn","name":"ZoMoney$","id":261573687,"id_str":"261573687","indices":[3,14]},{"screen_name":"KylieJenner","name":"Kylie Jenner","id":236699098,"id_str":"236699098","indices":[41,53]}]},"favorited":false,"retweeted":false,"filter_level":"medium","lang":"en"}
{"created_at":"Thu Jun 12 10:26:25 +0000 2014","id":477034176118808576,"id_str":"477034176118808576","text":"RT @KrisJenner I just sharted myself. That's when u fart and u shit yourself on accident!\u2006\u2009\u2007\u2003\u2004\u2004\u2002\u2006\u2006\u200a\u2001\u2009\u2006\u200b\u2000\u2009\u2004\u200b\u2008\u2002\u2007\u2003\u2004\u2008\u200b\u2004\u2003 \u200b\u200b","source":"\u003ca href=\"http:\/\/twitter.com\/starla4444\" rel=\"nofollow\"\u003eKris Jenner Sharting\u003c\/a\u003e","truncated":false,"in_reply_to_status_id":null,"in_reply_to_status_id_str":null,"in_reply_to_user_id":null,"in_reply_to_user_id_str":null,"in_reply_to_screen_name":null,"user":{"id":2446148371,"id_str":"2446148371","name":"Kris Jenner","screen_name":"KrisJennerShart","location":"The bathroom.","url":null,"description":"I take great pride in what I do.","protected":false,"followers_count":8,"friends_count":1,"listed_count":2,"created_at":"Tue Apr 15 22:29:44 +0000 2014","favourites_count":1,"utc_offset":null,"time_zone":null,"geo_enabled":false,"verified":false,"statuses_count":53914,"lang":"en","contributors_enabled":false,"is_translator":false,"is_translation_enabled":false,"profile_background_color":"C0DEED","profile_background_image_url":"http:\/\/abs.twimg.com\/images\/themes\/theme1\/bg.png","profile_background_image_url_https":"https:\/\/abs.twimg.com\/images\/themes\/theme1\/bg.png","profile_background_tile":false,"profile_image_url":"http:\/\/pbs.twimg.com\/profile_images\/456198316942839809\/SP-P0J9L_normal.jpeg","profile_image_url_https":"https:\/\/pbs.twimg.com\/profile_images\/456198316942839809\/SP-P0J9L_normal.jpeg","profile_banner_url":"https:\/\/pbs.twimg.com\/profile_banners\/2446148371\/1397614973","profile_link_color":"0084B4","profile_sidebar_border_color":"C0DEED","profile_sidebar_fill_color":"DDEEF6","profile_text_color":"333333","profile_use_background_image":true,"default_profile":true,"default_profile_image":false,"following":null,"follow_request_sent":null,"notifications":null},"geo":null,"coordinates":null,"place":null,"contributors":null,"retweet_count":0,"favorite_count":0,"entities":{"hashtags":[],"symbols":[],"urls":[],"user_mentions":[{"screen_name":"KrisJenner","name":"Kris Jenner","id":23613479,"id_str":"23613479","indices":[3,14]}]},"favorited":false,"retweeted":false,"filter_level":"medium","lang":"en"}
{"created_at":"Thu Jun 12 12:13:09 +0000 2014","id":477061036043169792,"id_str":"477061036043169792","text":"@khloekardashian love you so much Khlo\u00e8 your my world\ud83c\udf0d\ud83d\ude0d","source":"\u003ca href=\"http:\/\/twitter.com\/download\/iphone\" rel=\"nofollow\"\u003eTwitter for iPhone\u003c\/a\u003e","truncated":false,"in_reply_to_status_id":null,"in_reply_to_status_id_str":null,"in_reply_to_user_id":32959253,"in_reply_to_user_id_str":"32959253","in_reply_to_screen_name":"khloekardashian","user":{"id":1886905556,"id_str":"1886905556","name":"Adoring Kim.","screen_name":"AdoreQueenKimK","location":"U.K for now","url":null,"description":"Obsessed with @kimkardashian & Her Crazy Family! I also Love Angelina Jolie & Beyonc\u00e8 ..following my dreams.","protected":false,"followers_count":996,"friends_count":298,"listed_count":6,"created_at":"Fri Sep 20 15:33:32 +0000 2013","favourites_count":1052,"utc_offset":null,"time_zone":null,"geo_enabled":false,"verified":false,"statuses_count":9087,"lang":"en-gb","contributors_enabled":false,"is_translator":false,"is_translation_enabled":false,"profile_background_color":"C0DEED","profile_background_image_url":"http:\/\/abs.twimg.com\/images\/themes\/theme1\/bg.png","profile_background_image_url_https":"https:\/\/abs.twimg.com\/images\/themes\/theme1\/bg.png","profile_background_tile":false,"profile_image_url":"http:\/\/pbs.twimg.com\/profile_images\/475967513906671617\/NexAka-7_normal.jpeg","profile_image_url_https":"https:\/\/pbs.twimg.com\/profile_images\/475967513906671617\/NexAka-7_normal.jpeg","profile_banner_url":"https:\/\/pbs.twimg.com\/profile_banners\/1886905556\/1401145048","profile_link_color":"0084B4","profile_sidebar_border_color":"C0DEED","profile_sidebar_fill_color":"DDEEF6","profile_text_color":"333333","profile_use_background_image":true,"default_profile":true,"default_profile_image":false,"following":null,"follow_request_sent":null,"notifications":null},"geo":null,"coordinates":null,"place":null,"contributors":null,"retweet_count":0,"favorite_count":0,"entities":{"hashtags":[],"symbols":[],"urls":[],"user_mentions":[{"screen_name":"khloekardashian","name":"Khlo\u00e9 ","id":32959253,"id_str":"32959253","indices":[0,16]}]},"favorited":false,"retweeted":false,"filter_level":"medium","lang":"en"}
{"created_at":"Thu Jun 12 10:09:19 +0000 2014","id":477029876437102592,"id_str":"477029876437102592","text":"RT @KrisJenner I just sharted myself. That's when u fart and u shit yourself on accident!\u2000\u2006\u2002\u2009\u2000\u2003\u2000\u2005\u2003\u2003\u2006\u2004\u2006\u00a0\u2003","source":"\u003ca href=\"http:\/\/twitter.com\/starla4444\" rel=\"nofollow\"\u003eKris Jenner Sharting\u003c\/a\u003e","truncated":false,"in_reply_to_status_id":null,"in_reply_to_status_id_str":null,"in_reply_to_user_id":null,"in_reply_to_user_id_str":null,"in_reply_to_screen_name":null,"user":{"id":2446148371,"id_str":"2446148371","name":"Kris Jenner","screen_name":"KrisJennerShart","location":"The bathroom.","url":null,"description":"I take great pride in what I do.","protected":false,"followers_count":8,"friends_count":1,"listed_count":2,"created_at":"Tue Apr 15 22:29:44 +0000 2014","favourites_count":1,"utc_offset":null,"time_zone":null,"geo_enabled":false,"verified":false,"statuses_count":53896,"lang":"en","contributors_enabled":false,"is_translator":false,"is_translation_enabled":false,"profile_background_color":"C0DEED","profile_background_image_url":"http:\/\/abs.twimg.com\/images\/themes\/theme1\/bg.png","profile_background_image_url_https":"https:\/\/abs.twimg.com\/images\/themes\/theme1\/bg.png","profile_background_tile":false,"profile_image_url":"http:\/\/pbs.twimg.com\/profile_images\/456198316942839809\/SP-P0J9L_normal.jpeg","profile_image_url_https":"https:\/\/pbs.twimg.com\/profile_images\/456198316942839809\/SP-P0J9L_normal.jpeg","profile_banner_url":"https:\/\/pbs.twimg.com\/profile_banners\/2446148371\/1397614973","profile_link_color":"0084B4","profile_sidebar_border_color":"C0DEED","profile_sidebar_fill_color":"DDEEF6","profile_text_color":"333333","profile_use_background_image":true,"default_profile":true,"default_profile_image":false,"following":null,"follow_request_sent":null,"notifications":null},"geo":null,"coordinates":null,"place":null,"contributors":null,"retweet_count":0,"favorite_count":0,"entities":{"hashtags":[],"symbols":[],"urls":[],"user_mentions":[{"screen_name":"KrisJenner","name":"Kris Jenner","id":23613479,"id_str":"23613479","indices":[3,14]}]},"favorited":false,"retweeted":false,"filter_level":"medium","lang":"en"}
{"created_at":"Thu Jun 12 10:26:29 +0000 2014","id":477034193742884864,"id_str":"477034193742884864","text":"My favorite GurlZ, LurVvv ya'll\u2665 @kourtneykardash @KimKardashian @khloekardashian @KendallJenner @KylieJenner &amp;Kris\u263a http:\/\/t.co\/emC2xJxYFp","source":"\u003ca href=\"http:\/\/blackberry.com\/twitter\" rel=\"nofollow\"\u003eTwitter for BlackBerry\u00ae\u003c\/a\u003e","truncated":false,"in_reply_to_status_id":null,"in_reply_to_status_id_str":null,"in_reply_to_user_id":null,"in_reply_to_user_id_str":null,"in_reply_to_screen_name":null,"user":{"id":1374631058,"id_str":"1374631058","name":"Miss Jay","screen_name":"JodieCanham","location":"","url":null,"description":null,"protected":false,"followers_count":22,"friends_count":40,"listed_count":0,"created_at":"Tue Apr 23 13:39:27 +0000 2013","favourites_count":0,"utc_offset":null,"time_zone":null,"geo_enabled":true,"verified":false,"statuses_count":84,"lang":"en","contributors_enabled":false,"is_translator":false,"is_translation_enabled":false,"profile_background_color":"C0DEED","profile_background_image_url":"http:\/\/abs.twimg.com\/images\/themes\/theme1\/bg.png","profile_background_image_url_https":"https:\/\/abs.twimg.com\/images\/themes\/theme1\/bg.png","profile_background_tile":false,"profile_image_url":"http:\/\/pbs.twimg.com\/profile_images\/452129614383833088\/q7iLSkYi_normal.jpeg","profile_image_url_https":"https:\/\/pbs.twimg.com\/profile_images\/452129614383833088\/q7iLSkYi_normal.jpeg","profile_banner_url":"https:\/\/pbs.twimg.com\/profile_banners\/1374631058\/1394452574","profile_link_color":"0084B4","profile_sidebar_border_color":"C0DEED","profile_sidebar_fill_color":"DDEEF6","profile_text_color":"333333","profile_use_background_image":true,"default_profile":true,"default_profile_image":false,"following":null,"follow_request_sent":null,"notifications":null},"geo":{"type":"Point","coordinates":[-29.84915,30.92883]},"coordinates":{"type":"Point","coordinates":[30.92883,-29.84915]},"place":{"id":"62b0cb0005d01039","url":"https:\/\/api.twitter.com\/1.1\/geo\/id\/62b0cb0005d01039.json","place_type":"city","name":"Westville","full_name":"Westville","country_code":"ZA","country":"South Africa","contained_within":[],"bounding_box":{"type":"Polygon","coordinates":[[[30.8898711,-29.8691368],[30.8898711,-29.7929432],[30.9629445,-29.7929432],[30.9629445,-29.8691368]]]},"attributes":{}},"contributors":null,"retweet_count":0,"favorite_count":0,"entities":{"hashtags":[],"symbols":[],"urls":[],"user_mentions":[{"screen_name":"kourtneykardash","name":"Kourtney Kardashian","id":23617610,"id_str":"23617610","indices":[33,49]},{"screen_name":"KimKardashian","name":"Kim Kardashian West","id":25365536,"id_str":"25365536","indices":[50,64]},{"screen_name":"khloekardashian","name":"Khlo\u00e9 ","id":32959253,"id_str":"32959253","indices":[65,81]},{"screen_name":"KendallJenner","name":"Kendall Jenner","id":157140968,"id_str":"157140968","indices":[82,96]},{"screen_name":"KylieJenner","name":"Kylie Jenner","id":236699098,"id_str":"236699098","indices":[97,109]}],"media":[{"id":477034193591861248,"id_str":"477034193591861248","indices":[121,143],"media_url":"http:\/\/pbs.twimg.com\/media\/Bp7EElbCAAATKUf.jpg","media_url_https":"https:\/\/pbs.twimg.com\/media\/Bp7EElbCAAATKUf.jpg","url":"http:\/\/t.co\/emC2xJxYFp","display_url":"pic.twitter.com\/emC2xJxYFp","expanded_url":"http:\/\/twitter.com\/JodieCanham\/status\/477034193742884864\/photo\/1","type":"photo","sizes":{"medium":{"w":320,"h":240,"resize":"fit"},"small":{"w":320,"h":240,"resize":"fit"},"thumb":{"w":150,"h":150,"resize":"crop"},"large":{"w":320,"h":240,"resize":"fit"}}}]},"favorited":false,"retweeted":false,"possibly_sensitive":false,"filter_level":"medium","lang":"en"}
{"created_at":"Thu Jun 12 09:09:15 +0000 2014","id":477014756163739649,"id_str":"477014756163739649","text":"RT @Poconggg: *nyimak* RT @justinbieber: DAMN YOU, SEL! YOUH, AIII, END!!! RT @KimKardashian: r you crazehh, sel? RT @selenagomez: #followf\u2026","source":"\u003ca href=\"http:\/\/twitter.com\/download\/android\" rel=\"nofollow\"\u003eTwitter for Android\u003c\/a\u003e","truncated":false,"in_reply_to_status_id":null,"in_reply_to_status_id_str":null,"in_reply_to_user_id":null,"in_reply_to_user_id_str":null,"in_reply_to_screen_name":null,"user":{"id":2268696846,"id_str":"2268696846","name":"jihan","screen_name":"FebryJihaan","location":"All Around The World.","url":null,"description":"The Beatles\u2665 \/\/ Romantic. Unpopular. Horror. Humor.","protected":false,"followers_count":146,"friends_count":102,"listed_count":0,"created_at":"Mon Dec 30 10:55:49 +0000 2013","favourites_count":54,"utc_offset":null,"time_zone":null,"geo_enabled":true,"verified":false,"statuses_count":2049,"lang":"en","contributors_enabled":false,"is_translator":false,"is_translation_enabled":false,"profile_background_color":"131516","profile_background_image_url":"http:\/\/abs.twimg.com\/images\/themes\/theme14\/bg.gif","profile_background_image_url_https":"https:\/\/abs.twimg.com\/images\/themes\/theme14\/bg.gif","profile_background_tile":true,"profile_image_url":"http:\/\/pbs.twimg.com\/profile_images\/475965457225101312\/XVySVDem_normal.jpeg","profile_image_url_https":"https:\/\/pbs.twimg.com\/profile_images\/475965457225101312\/XVySVDem_normal.jpeg","profile_banner_url":"https:\/\/pbs.twimg.com\/profile_banners\/2268696846\/1402237066","profile_link_color":"009999","profile_sidebar_border_color":"EEEEEE","profile_sidebar_fill_color":"EFEFEF","profile_text_color":"333333","profile_use_background_image":true,"default_profile":false,"default_profile_image":false,"following":null,"follow_request_sent":null,"notifications":null},"geo":null,"coordinates":null,"place":null,"contributors":null,"retweeted_status":{"created_at":"Fri May 27 16:10:57 +0000 2011","id":74145576324833280,"id_str":"74145576324833280","text":"*nyimak* RT @justinbieber: DAMN YOU, SEL! YOUH, AIII, END!!! RT @KimKardashian: r you crazehh, sel? RT @selenagomez: #followfriday @Poconggg","source":"\u003ca href=\"http:\/\/blackberry.com\/twitter\" rel=\"nofollow\"\u003eTwitter for BlackBerry\u00ae\u003c\/a\u003e","truncated":false,"in_reply_to_status_id":null,"in_reply_to_status_id_str":null,"in_reply_to_user_id":null,"in_reply_to_user_id_str":null,"in_reply_to_screen_name":null,"user":{"id":65863622,"id_str":"65863622","name":"ariefmuhammad","screen_name":"Poconggg","location":"emailpoconggg@yahoo.com","url":"http:\/\/www.poconggg.com","description":"editor in chief @NyunyuCom.\ntoy addict.\nloyal customer of @BonoThePirate.\n\ncp: 081222147512","protected":false,"followers_count":2745992,"friends_count":0,"listed_count":3006,"created_at":"Sat Aug 15 08:57:25 +0000 2009","favourites_count":1037,"utc_offset":25200,"time_zone":"Jakarta","geo_enabled":false,"verified":false,"statuses_count":28018,"lang":"en","contributors_enabled":false,"is_translator":false,"is_translation_enabled":false,"profile_background_color":"C0DEED","profile_background_image_url":"http:\/\/abs.twimg.com\/images\/themes\/theme1\/bg.png","profile_background_image_url_https":"https:\/\/abs.twimg.com\/images\/themes\/theme1\/bg.png","profile_background_tile":false,"profile_image_url":"http:\/\/pbs.twimg.com\/profile_images\/378800000595490297\/a2f020a8e79aa1a8dd3ba7adbec2c643_normal.jpeg","profile_image_url_https":"https:\/\/pbs.twimg.com\/profile_images\/378800000595490297\/a2f020a8e79aa1a8dd3ba7adbec2c643_normal.jpeg","profile_banner_url":"https:\/\/pbs.twimg.com\/profile_banners\/65863622\/1351497572","profile_link_color":"0084B4","profile_sidebar_border_color":"C0DEED","profile_sidebar_fill_color":"DDEEF6","profile_text_color":"333333","profile_use_background_image":true,"default_profile":true,"default_profile_image":false,"following":null,"follow_request_sent":null,"notifications":null},"geo":null,"coordinates":null,"place":null,"contributors":null,"retweet_count":353,"favorite_count":36,"entities":{"hashtags":[{"text":"followfriday","indices":[117,130]}],"symbols":[],"urls":[],"user_mentions":[{"screen_name":"justinbieber","name":"Justin Bieber","id":27260086,"id_str":"27260086","indices":[12,25]},{"screen_name":"KimKardashian","name":"Kim Kardashian West","id":25365536,"id_str":"25365536","indices":[64,78]},{"screen_name":"selenagomez","name":"Selena Gomez","id":23375688,"id_str":"23375688","indices":[103,115]},{"screen_name":"Poconggg","name":"ariefmuhammad","id":65863622,"id_str":"65863622","indices":[131,140]}]},"favorited":false,"retweeted":false,"lang":"en"},"retweet_count":0,"favorite_count":0,"entities":{"hashtags":[{"text":"followfriday","indices":[131,140]}],"symbols":[],"urls":[],"user_mentions":[{"screen_name":"Poconggg","name":"ariefmuhammad","id":65863622,"id_str":"65863622","indices":[3,12]},{"screen_name":"justinbieber","name":"Justin Bieber","id":27260086,"id_str":"27260086","indices":[26,39]},{"screen_name":"KimKardashian","name":"Kim Kardashian West","id":25365536,"id_str":"25365536","indices":[78,92]},{"screen_name":"selenagomez","name":"Selena Gomez","id":23375688,"id_str":"23375688","indices":[117,129]},{"screen_name":"Poconggg","name":"ariefmuhammad","id":65863622,"id_str":"65863622","indices":[139,140]}]},"favorited":false,"retweeted":false,"filter_level":"medium","lang":"en"}
{"created_at":"Thu Jun 12 10:09:22 +0000 2014","id":477029886490447873,"id_str":"477029886490447873","text":"RT @KylieJenner: \u201c@SophSorrentinoo: @KylieJenner ahhhh i feel so special! so glad i saw you last night i misssshed you too much text me lov\u2026","source":"\u003ca href=\"http:\/\/twitter.com\/download\/iphone\" rel=\"nofollow\"\u003eTwitter for iPhone\u003c\/a\u003e","truncated":false,"in_reply_to_status_id":null,"in_reply_to_status_id_str":null,"in_reply_to_user_id":null,"in_reply_to_user_id_str":null,"in_reply_to_screen_name":null,"user":{"id":344555020,"id_str":"344555020","name":"Kylie \u2661","screen_name":"thegeorgia22","location":"","url":null,"description":"Kylie & Khloe, are my heroes! My idols, my absolute everything! They are my life. Kylie & Stas follow. 1\/6","protected":false,"followers_count":1749,"friends_count":256,"listed_count":2,"created_at":"Fri Jul 29 07:06:56 +0000 2011","favourites_count":1518,"utc_offset":43200,"time_zone":"Wellington","geo_enabled":true,"verified":false,"statuses_count":9173,"lang":"en","contributors_enabled":false,"is_translator":false,"is_translation_enabled":false,"profile_background_color":"000000","profile_background_image_url":"http:\/\/pbs.twimg.com\/profile_background_images\/378800000170128603\/y-GgcVg_.png","profile_background_image_url_https":"https:\/\/pbs.twimg.com\/profile_background_images\/378800000170128603\/y-GgcVg_.png","profile_background_tile":true,"profile_image_url":"http:\/\/pbs.twimg.com\/profile_images\/476642729984659457\/VkLju6P5_normal.jpeg","profile_image_url_https":"https:\/\/pbs.twimg.com\/profile_images\/476642729984659457\/VkLju6P5_normal.jpeg","profile_banner_url":"https:\/\/pbs.twimg.com\/profile_banners\/344555020\/1402388596","profile_link_color":"FF1414","profile_sidebar_border_color":"000000","profile_sidebar_fill_color":"DDEEF6","profile_text_color":"333333","profile_use_background_image":true,"default_profile":false,"default_profile_image":false,"following":null,"follow_request_sent":null,"notifications":null},"geo":null,"coordinates":null,"place":null,"contributors":null,"retweeted_status":{"created_at":"Sun Jan 15 00:00:37 +0000 2012","id":158337754856570880,"id_str":"158337754856570880","text":"\u201c@SophSorrentinoo: @KylieJenner ahhhh i feel so special! so glad i saw you last night i misssshed you too much text me love you&lt;3\u201d love u!!!","source":"\u003ca href=\"http:\/\/twitter.com\/download\/iphone\" rel=\"nofollow\"\u003eTwitter for iPhone\u003c\/a\u003e","truncated":false,"in_reply_to_status_id":null,"in_reply_to_status_id_str":null,"in_reply_to_user_id":null,"in_reply_to_user_id_str":null,"in_reply_to_screen_name":null,"user":{"id":236699098,"id_str":"236699098","name":"Kylie Jenner","screen_name":"KylieJenner","location":"","url":"http:\/\/kendallandkylie.com","description":null,"protected":false,"followers_count":6483265,"friends_count":1099,"listed_count":8622,"created_at":"Tue Jan 11 05:03:57 +0000 2011","favourites_count":18,"utc_offset":-28800,"time_zone":"Alaska","geo_enabled":true,"verified":true,"statuses_count":8628,"lang":"en","contributors_enabled":false,"is_translator":false,"is_translation_enabled":true,"profile_background_color":"131516","profile_background_image_url":"http:\/\/pbs.twimg.com\/profile_background_images\/633594360\/x398yofsqvvu8gthgntk.jpeg","profile_background_image_url_https":"https:\/\/pbs.twimg.com\/profile_background_images\/633594360\/x398yofsqvvu8gthgntk.jpeg","profile_background_tile":false,"profile_image_url":"http:\/\/pbs.twimg.com\/profile_images\/463400628178665472\/Kk4jRC4t_normal.jpeg","profile_image_url_https":"https:\/\/pbs.twimg.com\/profile_images\/463400628178665472\/Kk4jRC4t_normal.jpeg","profile_banner_url":"https:\/\/pbs.twimg.com\/profile_banners\/236699098\/1401169539","profile_link_color":"009999","profile_sidebar_border_color":"FFFFFF","profile_sidebar_fill_color":"EFEFEF","profile_text_color":"333333","profile_use_background_image":false,"default_profile":false,"default_profile_image":false,"following":null,"follow_request_sent":null,"notifications":null},"geo":null,"coordinates":null,"place":null,"contributors":null,"retweet_count":15,"favorite_count":14,"entities":{"hashtags":[],"symbols":[],"urls":[],"user_mentions":[{"screen_name":"SophSorrentinoo","name":"Sophia Sorrentino ","id":464180587,"id_str":"464180587","indices":[1,17]},{"screen_name":"KylieJenner","name":"Kylie Jenner","id":236699098,"id_str":"236699098","indices":[19,31]}]},"favorited":false,"retweeted":false,"lang":"en"},"retweet_count":0,"favorite_count":0,"entities":{"hashtags":[],"symbols":[],"urls":[],"user_mentions":[{"screen_name":"KylieJenner","name":"Kylie Jenner","id":236699098,"id_str":"236699098","indices":[3,15]},{"screen_name":"SophSorrentinoo","name":"Sophia Sorrentino ","id":464180587,"id_str":"464180587","indices":[18,34]},{"screen_name":"KylieJenner","name":"Kylie Jenner","id":236699098,"id_str":"236699098","indices":[36,48]}]},"favorited":false,"retweeted":false,"filter_level":"medium","lang":"en"}
{"created_at":"Thu Jun 12 12:31:35 +0000 2014","id":477065677967093760,"id_str":"477065677967093760","text":"@KylieJenner @jordynwoods \u2665\u2665 http:\/\/t.co\/LQ8EKv0yLi","source":"\u003ca href=\"http:\/\/twitter.com\/download\/android\" rel=\"nofollow\"\u003eTwitter for Android\u003c\/a\u003e","truncated":false,"in_reply_to_status_id":null,"in_reply_to_status_id_str":null,"in_reply_to_user_id":236699098,"in_reply_to_user_id_str":"236699098","in_reply_to_screen_name":"KylieJenner","user":{"id":2422622534,"id_str":"2422622534","name":"Kylie & Stass \u2654","screen_name":"kydallmylife","location":"","url":"http:\/\/ask.fm\/kydallmylife","description":"Kylie & Stass are  my queens \u265a \/Kylie \/Kendall \/Stassie \/Pia Mia \/ Jordyn. Kardashian&Jenner family \u2764 J.B follows","protected":false,"followers_count":408,"friends_count":420,"listed_count":0,"created_at":"Tue Apr 01 20:13:41 +0000 2014","favourites_count":1344,"utc_offset":10800,"time_zone":"Baghdad","geo_enabled":false,"verified":false,"statuses_count":190,"lang":"en","contributors_enabled":false,"is_translator":false,"is_translation_enabled":false,"profile_background_color":"5C00B3","profile_background_image_url":"http:\/\/pbs.twimg.com\/profile_background_images\/456903462576349184\/TslYbzXp.jpeg","profile_background_image_url_https":"https:\/\/pbs.twimg.com\/profile_background_images\/456903462576349184\/TslYbzXp.jpeg","profile_background_tile":true,"profile_image_url":"http:\/\/pbs.twimg.com\/profile_images\/475639122350985218\/CwU8Qtam_normal.jpeg","profile_image_url_https":"https:\/\/pbs.twimg.com\/profile_images\/475639122350985218\/CwU8Qtam_normal.jpeg","profile_banner_url":"https:\/\/pbs.twimg.com\/profile_banners\/2422622534\/1402048205","profile_link_color":"5C00B3","profile_sidebar_border_color":"000000","profile_sidebar_fill_color":"DDEEF6","profile_text_color":"333333","profile_use_background_image":true,"default_profile":false,"default_profile_image":false,"following":null,"follow_request_sent":null,"notifications":null},"geo":null,"coordinates":null,"place":null,"contributors":null,"retweet_count":0,"favorite_count":0,"entities":{"hashtags":[],"symbols":[],"urls":[],"user_mentions":[{"screen_name":"KylieJenner","name":"Kylie Jenner","id":236699098,"id_str":"236699098","indices":[0,12]},{"screen_name":"jordynwoods","name":"Jordyn Woods","id":121551369,"id_str":"121551369","indices":[13,25]}],"media":[{"id":477065676331294720,"id_str":"477065676331294720","indices":[29,51],"media_url":"http:\/\/pbs.twimg.com\/media\/Bp7gtHxCIAA8HyG.jpg","media_url_https":"https:\/\/pbs.twimg.com\/media\/Bp7gtHxCIAA8HyG.jpg","url":"http:\/\/t.co\/LQ8EKv0yLi","display_url":"pic.twitter.com\/LQ8EKv0yLi","expanded_url":"http:\/\/twitter.com\/kydallmylife\/status\/477065677967093760\/photo\/1","type":"photo","sizes":{"small":{"w":339,"h":341,"resize":"fit"},"large":{"w":476,"h":478,"resize":"fit"},"thumb":{"w":150,"h":150,"resize":"crop"},"medium":{"w":476,"h":478,"resize":"fit"}}}]},"favorited":false,"retweeted":false,"possibly_sensitive":true,"filter_level":"medium","lang":"und"}
{"created_at":"Thu Jun 12 08:53:40 +0000 2014","id":477010837560115201,"id_str":"477010837560115201","text":"RT @kourtneykardash: If you're in LA tomorrow, get your copy of #REBELSthebook signed by @KendallJenner &amp; @KylieJenner at @TheGroveLA B&amp;N! \u2026","source":"\u003ca href=\"http:\/\/twitter.com\/download\/android\" rel=\"nofollow\"\u003eTwitter for Android\u003c\/a\u003e","truncated":false,"in_reply_to_status_id":null,"in_reply_to_status_id_str":null,"in_reply_to_user_id":null,"in_reply_to_user_id_str":null,"in_reply_to_screen_name":null,"user":{"id":348201094,"id_str":"348201094","name":"\u2022miss paul\u2022\u2717","screen_name":"pauloyin","location":"Where I shuld b\u2665","url":null,"description":"The one and only!...#chelsea \u2665kdash..jenner\u2665..","protected":false,"followers_count":104,"friends_count":135,"listed_count":0,"created_at":"Thu Aug 04 01:33:59 +0000 2011","favourites_count":124,"utc_offset":-25200,"time_zone":"Pacific Time (US & Canada)","geo_enabled":false,"verified":false,"statuses_count":3076,"lang":"en","contributors_enabled":false,"is_translator":false,"is_translation_enabled":false,"profile_background_color":"BADFCD","profile_background_image_url":"http:\/\/abs.twimg.com\/images\/themes\/theme12\/bg.gif","profile_background_image_url_https":"https:\/\/abs.twimg.com\/images\/themes\/theme12\/bg.gif","profile_background_tile":false,"profile_image_url":"http:\/\/pbs.twimg.com\/profile_images\/467822493190074368\/9oWk5isE_normal.png","profile_image_url_https":"https:\/\/pbs.twimg.com\/profile_images\/467822493190074368\/9oWk5isE_normal.png","profile_banner_url":"https:\/\/pbs.twimg.com\/profile_banners\/348201094\/1377298701","profile_link_color":"FF0000","profile_sidebar_border_color":"F2E195","profile_sidebar_fill_color":"FFF7CC","profile_text_color":"0C3E53","profile_use_background_image":true,"default_profile":false,"default_profile_image":false,"following":null,"follow_request_sent":null,"notifications":null},"geo":null,"coordinates":null,"place":null,"contributors":null,"retweeted_status":{"created_at":"Wed Jun 11 23:28:34 +0000 2014","id":476868625736138754,"id_str":"476868625736138754","text":"If you're in LA tomorrow, get your copy of #REBELSthebook signed by @KendallJenner &amp; @KylieJenner at @TheGroveLA B&amp;N! http:\/\/t.co\/SOvaHmwMgR","source":"\u003ca href=\"http:\/\/www.hootsuite.com\" rel=\"nofollow\"\u003eHootsuite\u003c\/a\u003e","truncated":false,"in_reply_to_status_id":null,"in_reply_to_status_id_str":null,"in_reply_to_user_id":null,"in_reply_to_user_id_str":null,"in_reply_to_screen_name":null,"user":{"id":23617610,"id_str":"23617610","name":"Kourtney Kardashian","screen_name":"kourtneykardash","location":"","url":"http:\/\/www.kourtneykardashian.com","description":"The One and Only.","protected":false,"followers_count":11876519,"friends_count":63,"listed_count":29260,"created_at":"Tue Mar 10 17:12:52 +0000 2009","favourites_count":0,"utc_offset":-25200,"time_zone":"Pacific Time (US & Canada)","geo_enabled":false,"verified":true,"statuses_count":8122,"lang":"en","contributors_enabled":false,"is_translator":false,"is_translation_enabled":true,"profile_background_color":"FFFFFF","profile_background_image_url":"http:\/\/pbs.twimg.com\/profile_background_images\/647212348\/jigsmw1v85ewbz46msc6.png","profile_background_image_url_https":"https:\/\/pbs.twimg.com\/profile_background_images\/647212348\/jigsmw1v85ewbz46msc6.png","profile_background_tile":false,"profile_image_url":"http:\/\/pbs.twimg.com\/profile_images\/1673811786\/kourt_face_normal.jpg","profile_image_url_https":"https:\/\/pbs.twimg.com\/profile_images\/1673811786\/kourt_face_normal.jpg","profile_banner_url":"https:\/\/pbs.twimg.com\/profile_banners\/23617610\/1351393057","profile_link_color":"ED8282","profile_sidebar_border_color":"FFFFFF","profile_sidebar_fill_color":"EBEBEB","profile_text_color":"000000","profile_use_background_image":true,"default_profile":false,"default_profile_image":false,"following":null,"follow_request_sent":null,"notifications":null},"geo":null,"coordinates":null,"place":null,"contributors":null,"retweet_count":111,"favorite_count":484,"entities":{"hashtags":[{"text":"REBELSthebook","indices":[43,57]}],"symbols":[],"urls":[{"url":"http:\/\/t.co\/SOvaHmwMgR","expanded_url":"http:\/\/bit.ly\/1kTPEhO","display_url":"bit.ly\/1kTPEhO","indices":[126,148]}],"user_mentions":[{"screen_name":"KendallJenner","name":"Kendall Jenner","id":157140968,"id_str":"157140968","indices":[68,82]},{"screen_name":"KylieJenner","name":"Kylie Jenner","id":236699098,"id_str":"236699098","indices":[89,101]},{"screen_name":"TheGroveLA","name":"The Grove LA","id":23989491,"id_str":"23989491","indices":[105,116]}]},"favorited":false,"retweeted":false,"possibly_sensitive":false,"lang":"en"},"retweet_count":0,"favorite_count":0,"entities":{"hashtags":[{"text":"REBELSthebook","indices":[64,78]}],"symbols":[],"urls":[{"url":"http:\/\/t.co\/SOvaHmwMgR","expanded_url":"http:\/\/bit.ly\/1kTPEhO","display_url":"bit.ly\/1kTPEhO","indices":[147,148]}],"user_mentions":[{"screen_name":"kourtneykardash","name":"Kourtney Kardashian","id":23617610,"id_str":"23617610","indices":[3,19]},{"screen_name":"KendallJenner","name":"Kendall Jenner","id":157140968,"id_str":"157140968","indices":[89,103]},{"screen_name":"KylieJenner","name":"Kylie Jenner","id":236699098,"id_str":"236699098","indices":[110,122]},{"screen_name":"TheGroveLA","name":"The Grove LA","id":23989491,"id_str":"23989491","indices":[126,137]}]},"favorited":false,"retweeted":false,"possibly_sensitive":false,"filter_level":"medium","lang":"en"}
{"created_at":"Thu Jun 12 10:44:30 +0000 2014","id":477038729270673408,"id_str":"477038729270673408","text":"RT @KrisJenner I just sharted myself. That's when u fart and u shit yourself on accident!\u2000\u200a\u200a\u2006\u2007\u2007\u2004\u00a0\u2002\u200a\u200a\u2007\u2000\u2009\u2004\u2004\u2004\u2000\u200b\u2005\u2007\u2004\u2000\u2004 \u200b\u2001\u2002\u2004\u2003  \u2008\u2006\u2006\u200a\u00a0\u2004\u2006\u2001","source":"\u003ca href=\"http:\/\/twitter.com\/starla4444\" rel=\"nofollow\"\u003eKris Jenner Sharting\u003c\/a\u003e","truncated":false,"in_reply_to_status_id":null,"in_reply_to_status_id_str":null,"in_reply_to_user_id":null,"in_reply_to_user_id_str":null,"in_reply_to_screen_name":null,"user":{"id":2446148371,"id_str":"2446148371","name":"Kris Jenner","screen_name":"KrisJennerShart","location":"The bathroom.","url":null,"description":"I take great pride in what I do.","protected":false,"followers_count":8,"friends_count":1,"listed_count":2,"created_at":"Tue Apr 15 22:29:44 +0000 2014","favourites_count":1,"utc_offset":null,"time_zone":null,"geo_enabled":false,"verified":false,"statuses_count":53932,"lang":"en","contributors_enabled":false,"is_translator":false,"is_translation_enabled":false,"profile_background_color":"C0DEED","profile_background_image_url":"http:\/\/abs.twimg.com\/images\/themes\/theme1\/bg.png","profile_background_image_url_https":"https:\/\/abs.twimg.com\/images\/themes\/theme1\/bg.png","profile_background_tile":false,"profile_image_url":"http:\/\/pbs.twimg.com\/profile_images\/456198316942839809\/SP-P0J9L_normal.jpeg","profile_image_url_https":"https:\/\/pbs.twimg.com\/profile_images\/456198316942839809\/SP-P0J9L_normal.jpeg","profile_banner_url":"https:\/\/pbs.twimg.com\/profile_banners\/2446148371\/1397614973","profile_link_color":"0084B4","profile_sidebar_border_color":"C0DEED","profile_sidebar_fill_color":"DDEEF6","profile_text_color":"333333","profile_use_background_image":true,"default_profile":true,"default_profile_image":false,"following":null,"follow_request_sent":null,"notifications":null},"geo":null,"coordinates":null,"place":null,"contributors":null,"retweet_count":0,"favorite_count":0,"entities":{"hashtags":[],"symbols":[],"urls":[],"user_mentions":[{"screen_name":"KrisJenner","name":"Kris Jenner","id":23613479,"id_str":"23613479","indices":[3,14]}]},"favorited":false,"retweeted":false,"filter_level":"medium","lang":"en"}
{"created_at":"Thu Jun 12 12:31:38 +0000 2014","id":477065691103633408,"id_str":"477065691103633408","text":"RT @KimKardashian6: Who's excited for new season of #KUWTK tonight only on E! With our favorite women. RT If you are happy\/excited!!!! http\u2026","source":"\u003ca href=\"http:\/\/twitter.com\/download\/android\" rel=\"nofollow\"\u003eTwitter for Android\u003c\/a\u003e","truncated":false,"in_reply_to_status_id":null,"in_reply_to_status_id_str":null,"in_reply_to_user_id":null,"in_reply_to_user_id_str":null,"in_reply_to_screen_name":null,"user":{"id":381231670,"id_str":"381231670","name":"~ Daliam ~ ","screen_name":"DaliiLovato","location":"","url":null,"description":null,"protected":false,"followers_count":90,"friends_count":280,"listed_count":0,"created_at":"Tue Sep 27 23:53:12 +0000 2011","favourites_count":608,"utc_offset":-18000,"time_zone":"Central Time (US & Canada)","geo_enabled":false,"verified":false,"statuses_count":1354,"lang":"es","contributors_enabled":false,"is_translator":false,"is_translation_enabled":false,"profile_background_color":"642D8B","profile_background_image_url":"http:\/\/pbs.twimg.com\/profile_background_images\/399252597\/demi-lovato-db176c9e5ac3d5480f3dbac7baec5271.jpg","profile_background_image_url_https":"https:\/\/pbs.twimg.com\/profile_background_images\/399252597\/demi-lovato-db176c9e5ac3d5480f3dbac7baec5271.jpg","profile_background_tile":false,"profile_image_url":"http:\/\/pbs.twimg.com\/profile_images\/476502409972551680\/mywBrFdW_normal.jpeg","profile_image_url_https":"https:\/\/pbs.twimg.com\/profile_images\/476502409972551680\/mywBrFdW_normal.jpeg","profile_banner_url":"https:\/\/pbs.twimg.com\/profile_banners\/381231670\/1392902799","profile_link_color":"FF0000","profile_sidebar_border_color":"65B0DA","profile_sidebar_fill_color":"7AC3EE","profile_text_color":"3D1957","profile_use_background_image":true,"default_profile":false,"default_profile_image":false,"following":null,"follow_request_sent":null,"notifications":null},"geo":null,"coordinates":null,"place":null,"contributors":null,"retweeted_status":{"created_at":"Sun Jun 08 07:54:50 +0000 2014","id":475546479575441408,"id_str":"475546479575441408","text":"Who's excited for new season of #KUWTK tonight only on E! With our favorite women. RT If you are happy\/excited!!!! http:\/\/t.co\/7915d3f2hu","source":"\u003ca href=\"http:\/\/twitter.com\/download\/iphone\" rel=\"nofollow\"\u003eTwitter for iPhone\u003c\/a\u003e","truncated":false,"in_reply_to_status_id":null,"in_reply_to_status_id_str":null,"in_reply_to_user_id":null,"in_reply_to_user_id_str":null,"in_reply_to_screen_name":null,"user":{"id":141559920,"id_str":"141559920","name":"Kim Kardashian","screen_name":"KimKardashian6","location":"LA, NY, MIAMI ","url":"http:\/\/Instagram.com\/classicchanel","description":"I'm @KimKardashian BIGGEST FAN. She inspires me so much. She brings love into my life everyday. FOLLOW IF YOU LOVE & RESPECT KIM! @KimKardashian","protected":false,"followers_count":82155,"friends_count":23438,"listed_count":524,"created_at":"Sat May 08 11:50:08 +0000 2010","favourites_count":377,"utc_offset":-25200,"time_zone":"Pacific Time (US & Canada)","geo_enabled":false,"verified":false,"statuses_count":80722,"lang":"en","contributors_enabled":false,"is_translator":false,"is_translation_enabled":false,"profile_background_color":"131516","profile_background_image_url":"http:\/\/pbs.twimg.com\/profile_background_images\/437620142378192897\/HvOmPDhM.jpeg","profile_background_image_url_https":"https:\/\/pbs.twimg.com\/profile_background_images\/437620142378192897\/HvOmPDhM.jpeg","profile_background_tile":true,"profile_image_url":"http:\/\/pbs.twimg.com\/profile_images\/459801196866183168\/5DkXyIhB_normal.jpeg","profile_image_url_https":"https:\/\/pbs.twimg.com\/profile_images\/459801196866183168\/5DkXyIhB_normal.jpeg","profile_banner_url":"https:\/\/pbs.twimg.com\/profile_banners\/141559920\/1398460212","profile_link_color":"1A171A","profile_sidebar_border_color":"000000","profile_sidebar_fill_color":"000000","profile_text_color":"333333","profile_use_background_image":true,"default_profile":false,"default_profile_image":false,"following":null,"follow_request_sent":null,"notifications":null},"geo":null,"coordinates":null,"place":null,"contributors":null,"retweet_count":65,"favorite_count":133,"entities":{"hashtags":[{"text":"KUWTK","indices":[32,38]}],"symbols":[],"urls":[],"user_mentions":[],"media":[{"id":475546477868355584,"id_str":"475546477868355584","indices":[115,137],"media_url":"http:\/\/pbs.twimg.com\/media\/Bpl7AIeIEAAdJOH.jpg","media_url_https":"https:\/\/pbs.twimg.com\/media\/Bpl7AIeIEAAdJOH.jpg","url":"http:\/\/t.co\/7915d3f2hu","display_url":"pic.twitter.com\/7915d3f2hu","expanded_url":"http:\/\/twitter.com\/KimKardashian6\/status\/475546479575441408\/photo\/1","type":"photo","sizes":{"medium":{"w":306,"h":306,"resize":"fit"},"small":{"w":306,"h":306,"resize":"fit"},"large":{"w":306,"h":306,"resize":"fit"},"thumb":{"w":150,"h":150,"resize":"crop"}}}]},"favorited":false,"retweeted":false,"possibly_sensitive":false,"lang":"en"},"retweet_count":0,"favorite_count":0,"entities":{"hashtags":[{"text":"KUWTK","indices":[52,58]}],"symbols":[],"urls":[],"user_mentions":[{"screen_name":"KimKardashian6","name":"Kim Kardashian","id":141559920,"id_str":"141559920","indices":[3,18]}],"media":[{"id":475546477868355584,"id_str":"475546477868355584","indices":[139,140],"media_url":"http:\/\/pbs.twimg.com\/media\/Bpl7AIeIEAAdJOH.jpg","media_url_https":"https:\/\/pbs.twimg.com\/media\/Bpl7AIeIEAAdJOH.jpg","url":"http:\/\/t.co\/7915d3f2hu","display_url":"pic.twitter.com\/7915d3f2hu","expanded_url":"http:\/\/twitter.com\/KimKardashian6\/status\/475546479575441408\/photo\/1","type":"photo","sizes":{"medium":{"w":306,"h":306,"resize":"fit"},"small":{"w":306,"h":306,"resize":"fit"},"large":{"w":306,"h":306,"resize":"fit"},"thumb":{"w":150,"h":150,"resize":"crop"}},"source_status_id":475546479575441408,"source_status_id_str":"475546479575441408"}]},"favorited":false,"retweeted":false,"possibly_sensitive":false,"filter_level":"medium","lang":"en"}
{"created_at":"Thu Jun 12 08:11:44 +0000 2014","id":477000282547953664,"id_str":"477000282547953664","text":"RT @KrisJenner I just sharted myself. That's when u fart and u shit yourself on accident!\u200b\u200b\u2004\u2008\u2002\u00a0\u2007\u2006\u2008","source":"\u003ca href=\"http:\/\/twitter.com\/starla4444\" rel=\"nofollow\"\u003eKris Jenner Sharting\u003c\/a\u003e","truncated":false,"in_reply_to_status_id":null,"in_reply_to_status_id_str":null,"in_reply_to_user_id":null,"in_reply_to_user_id_str":null,"in_reply_to_screen_name":null,"user":{"id":2446148371,"id_str":"2446148371","name":"Kris Jenner","screen_name":"KrisJennerShart","location":"The bathroom.","url":null,"description":"I take great pride in what I do.","protected":false,"followers_count":8,"friends_count":1,"listed_count":2,"created_at":"Tue Apr 15 22:29:44 +0000 2014","favourites_count":1,"utc_offset":null,"time_zone":null,"geo_enabled":false,"verified":false,"statuses_count":53779,"lang":"en","contributors_enabled":false,"is_translator":false,"is_translation_enabled":false,"profile_background_color":"C0DEED","profile_background_image_url":"http:\/\/abs.twimg.com\/images\/themes\/theme1\/bg.png","profile_background_image_url_https":"https:\/\/abs.twimg.com\/images\/themes\/theme1\/bg.png","profile_background_tile":false,"profile_image_url":"http:\/\/pbs.twimg.com\/profile_images\/456198316942839809\/SP-P0J9L_normal.jpeg","profile_image_url_https":"https:\/\/pbs.twimg.com\/profile_images\/456198316942839809\/SP-P0J9L_normal.jpeg","profile_banner_url":"https:\/\/pbs.twimg.com\/profile_banners\/2446148371\/1397614973","profile_link_color":"0084B4","profile_sidebar_border_color":"C0DEED","profile_sidebar_fill_color":"DDEEF6","profile_text_color":"333333","profile_use_background_image":true,"default_profile":true,"default_profile_image":false,"following":null,"follow_request_sent":null,"notifications":null},"geo":null,"coordinates":null,"place":null,"contributors":null,"retweet_count":0,"favorite_count":0,"entities":{"hashtags":[],"symbols":[],"urls":[],"user_mentions":[{"screen_name":"KrisJenner","name":"Kris Jenner","id":23613479,"id_str":"23613479","indices":[3,14]}]},"favorited":false,"retweeted":false,"filter_level":"medium","lang":"en"}
{"created_at":"Thu Jun 12 08:53:57 +0000 2014","id":477010906447355904,"id_str":"477010906447355904","text":"RT @KrisJenner I just sharted myself. That's when u fart and u shit yourself on accident!\u2002\u2009\u2005\u200b\u2006\u200b\u2005\u2007\u2008","source":"\u003ca href=\"http:\/\/twitter.com\/starla4444\" rel=\"nofollow\"\u003eKris Jenner Sharting\u003c\/a\u003e","truncated":false,"in_reply_to_status_id":null,"in_reply_to_status_id_str":null,"in_reply_to_user_id":null,"in_reply_to_user_id_str":null,"in_reply_to_screen_name":null,"user":{"id":2446148371,"id_str":"2446148371","name":"Kris Jenner","screen_name":"KrisJennerShart","location":"The bathroom.","url":null,"description":"I take great pride in what I do.","protected":false,"followers_count":8,"friends_count":1,"listed_count":2,"created_at":"Tue Apr 15 22:29:44 +0000 2014","favourites_count":1,"utc_offset":null,"time_zone":null,"geo_enabled":false,"verified":false,"statuses_count":53820,"lang":"en","contributors_enabled":false,"is_translator":false,"is_translation_enabled":false,"profile_background_color":"C0DEED","profile_background_image_url":"http:\/\/abs.twimg.com\/images\/themes\/theme1\/bg.png","profile_background_image_url_https":"https:\/\/abs.twimg.com\/images\/themes\/theme1\/bg.png","profile_background_tile":false,"profile_image_url":"http:\/\/pbs.twimg.com\/profile_images\/456198316942839809\/SP-P0J9L_normal.jpeg","profile_image_url_https":"https:\/\/pbs.twimg.com\/profile_images\/456198316942839809\/SP-P0J9L_normal.jpeg","profile_banner_url":"https:\/\/pbs.twimg.com\/profile_banners\/2446148371\/1397614973","profile_link_color":"0084B4","profile_sidebar_border_color":"C0DEED","profile_sidebar_fill_color":"DDEEF6","profile_text_color":"333333","profile_use_background_image":true,"default_profile":true,"default_profile_image":false,"following":null,"follow_request_sent":null,"notifications":null},"geo":null,"coordinates":null,"place":null,"contributors":null,"retweet_count":0,"favorite_count":0,"entities":{"hashtags":[],"symbols":[],"urls":[],"user_mentions":[{"screen_name":"KrisJenner","name":"Kris Jenner","id":23613479,"id_str":"23613479","indices":[3,14]}]},"favorited":false,"retweeted":false,"filter_level":"medium","lang":"en"}
{"created_at":"Thu Jun 12 09:47:13 +0000 2014","id":477024312126636032,"id_str":"477024312126636032","text":"RT @KrisJenner I just sharted myself. That's when u fart and u shit yourself on accident!\u2007\u2005\u2007\u2002 \u2002\u2007\u2004\u200a\u2009 \u200b\u2005\u200a\u2005\u200b\u2001 \u2007\u2004\u2007\u2006\u2007\u2002\u2008\u200b\u200b\u2003\u2005 \u2000\u2009\u00a0\u00a0\u2007 \u200b\u200b","source":"\u003ca href=\"http:\/\/twitter.com\/starla4444\" rel=\"nofollow\"\u003eKris Jenner Sharting\u003c\/a\u003e","truncated":false,"in_reply_to_status_id":null,"in_reply_to_status_id_str":null,"in_reply_to_user_id":null,"in_reply_to_user_id_str":null,"in_reply_to_screen_name":null,"user":{"id":2446148371,"id_str":"2446148371","name":"Kris Jenner","screen_name":"KrisJennerShart","location":"The bathroom.","url":null,"description":"I take great pride in what I do.","protected":false,"followers_count":8,"friends_count":1,"listed_count":2,"created_at":"Tue Apr 15 22:29:44 +0000 2014","favourites_count":1,"utc_offset":null,"time_zone":null,"geo_enabled":false,"verified":false,"statuses_count":53874,"lang":"en","contributors_enabled":false,"is_translator":false,"is_translation_enabled":false,"profile_background_color":"C0DEED","profile_background_image_url":"http:\/\/abs.twimg.com\/images\/themes\/theme1\/bg.png","profile_background_image_url_https":"https:\/\/abs.twimg.com\/images\/themes\/theme1\/bg.png","profile_background_tile":false,"profile_image_url":"http:\/\/pbs.twimg.com\/profile_images\/456198316942839809\/SP-P0J9L_normal.jpeg","profile_image_url_https":"https:\/\/pbs.twimg.com\/profile_images\/456198316942839809\/SP-P0J9L_normal.jpeg","profile_banner_url":"https:\/\/pbs.twimg.com\/profile_banners\/2446148371\/1397614973","profile_link_color":"0084B4","profile_sidebar_border_color":"C0DEED","profile_sidebar_fill_color":"DDEEF6","profile_text_color":"333333","profile_use_background_image":true,"default_profile":true,"default_profile_image":false,"following":null,"follow_request_sent":null,"notifications":null},"geo":null,"coordinates":null,"place":null,"contributors":null,"retweet_count":0,"favorite_count":0,"entities":{"hashtags":[],"symbols":[],"urls":[],"user_mentions":[{"screen_name":"KrisJenner","name":"Kris Jenner","id":23613479,"id_str":"23613479","indices":[3,14]}]},"favorited":false,"retweeted":false,"filter_level":"medium","lang":"en"}
{"created_at":"Thu Jun 12 10:09:27 +0000 2014","id":477029908506738689,"id_str":"477029908506738689","text":"RT @haileybaldwin: @KendallJenner Olaf \u2764\ufe0f\u26c4\ufe0f\u26c4\ufe0f","source":"\u003ca href=\"http:\/\/twitter.com\/download\/iphone\" rel=\"nofollow\"\u003eTwitter for iPhone\u003c\/a\u003e","truncated":false,"in_reply_to_status_id":null,"in_reply_to_status_id_str":null,"in_reply_to_user_id":null,"in_reply_to_user_id_str":null,"in_reply_to_screen_name":null,"user":{"id":2152522023,"id_str":"2152522023","name":"Sarra Cherif","screen_name":"saroucherif","location":"wherever the wind takes me.","url":null,"description":"Model","protected":false,"followers_count":31,"friends_count":97,"listed_count":0,"created_at":"Fri Oct 25 11:42:40 +0000 2013","favourites_count":1289,"utc_offset":null,"time_zone":null,"geo_enabled":false,"verified":false,"statuses_count":393,"lang":"fr","contributors_enabled":false,"is_translator":false,"is_translation_enabled":false,"profile_background_color":"C0DEED","profile_background_image_url":"http:\/\/abs.twimg.com\/images\/themes\/theme1\/bg.png","profile_background_image_url_https":"https:\/\/abs.twimg.com\/images\/themes\/theme1\/bg.png","profile_background_tile":false,"profile_image_url":"http:\/\/pbs.twimg.com\/profile_images\/464020356219813888\/7rrYTnWR_normal.jpeg","profile_image_url_https":"https:\/\/pbs.twimg.com\/profile_images\/464020356219813888\/7rrYTnWR_normal.jpeg","profile_banner_url":"https:\/\/pbs.twimg.com\/profile_banners\/2152522023\/1397924672","profile_link_color":"0084B4","profile_sidebar_border_color":"C0DEED","profile_sidebar_fill_color":"DDEEF6","profile_text_color":"333333","profile_use_background_image":true,"default_profile":true,"default_profile_image":false,"following":null,"follow_request_sent":null,"notifications":null},"geo":null,"coordinates":null,"place":null,"contributors":null,"retweeted_status":{"created_at":"Wed Jun 11 16:36:15 +0000 2014","id":476764862815952896,"id_str":"476764862815952896","text":"@KendallJenner Olaf \u2764\ufe0f\u26c4\ufe0f\u26c4\ufe0f","source":"\u003ca href=\"http:\/\/www.echofon.com\/\" rel=\"nofollow\"\u003eEchofon\u003c\/a\u003e","truncated":false,"in_reply_to_status_id":null,"in_reply_to_status_id_str":null,"in_reply_to_user_id":157140968,"in_reply_to_user_id_str":"157140968","in_reply_to_screen_name":"KendallJenner","user":{"id":64090343,"id_str":"64090343","name":"Hailey Baldwin","screen_name":"haileybaldwin","location":"East Coast","url":null,"description":"Hailey Rhode Baldwin, usually just Hails.  \nFORD models NY\nLA models\ninstagram\u2022haileybaldwin","protected":false,"followers_count":142436,"friends_count":3092,"listed_count":359,"created_at":"Sun Aug 09 02:15:48 +0000 2009","favourites_count":285,"utc_offset":-18000,"time_zone":"Central Time (US & Canada)","geo_enabled":false,"verified":true,"statuses_count":17190,"lang":"en","contributors_enabled":false,"is_translator":false,"is_translation_enabled":true,"profile_background_color":"EBEBEB","profile_background_image_url":"http:\/\/abs.twimg.com\/images\/themes\/theme7\/bg.gif","profile_background_image_url_https":"https:\/\/abs.twimg.com\/images\/themes\/theme7\/bg.gif","profile_background_tile":false,"profile_image_url":"http:\/\/pbs.twimg.com\/profile_images\/468827504321789952\/jdHO15cx_normal.jpeg","profile_image_url_https":"https:\/\/pbs.twimg.com\/profile_images\/468827504321789952\/jdHO15cx_normal.jpeg","profile_banner_url":"https:\/\/pbs.twimg.com\/profile_banners\/64090343\/1401328368","profile_link_color":"990000","profile_sidebar_border_color":"DFDFDF","profile_sidebar_fill_color":"F3F3F3","profile_text_color":"333333","profile_use_background_image":true,"default_profile":false,"default_profile_image":false,"following":null,"follow_request_sent":null,"notifications":null},"geo":null,"coordinates":null,"place":null,"contributors":null,"retweet_count":57,"favorite_count":328,"entities":{"hashtags":[],"symbols":[],"urls":[],"user_mentions":[{"screen_name":"KendallJenner","name":"Kendall Jenner","id":157140968,"id_str":"157140968","indices":[0,14]}]},"favorited":false,"retweeted":false,"lang":"sk"},"retweet_count":0,"favorite_count":0,"entities":{"hashtags":[],"symbols":[],"urls":[],"user_mentions":[{"screen_name":"haileybaldwin","name":"Hailey Baldwin","id":64090343,"id_str":"64090343","indices":[3,17]},{"screen_name":"KendallJenner","name":"Kendall Jenner","id":157140968,"id_str":"157140968","indices":[19,33]}]},"favorited":false,"retweeted":false,"filter_level":"medium","lang":"sk"}
